Dam,SocialDadID,Sire,BroodName,Cohort,Nest_Location,EP,Loc_code
419,4503,4503,D204,2004,MR,0,NA
371,456,4304,D206,2004,LM,1,1
371,456,145,D206,2004,LM,1,1
309,4422,251,D207,2004,W,1,4
122,132,370,D208,2004,F,1,3
122,132,132,D208,2004,F,0,3
988,145,145,D209,2004,LM,0,1
988,145,285,D209,2004,LM,1,1
857,4247,4247,D210,2004,MR,0,NA
32,513,4229,D212,2004,MM,1,NA
32,513,4503,D212,2004,MM,1,NA
4497,4265,4265,D213,2004,W,0,4
960,650,650,D214,2004,W,0,4
955,591,591,D215,2004,LF,0,NA
985,818,818,E001,2005,LM,0,1
1069,1935,1935,E002,2005,LM,0,1
988,145,285,E003,2005,LM,1,1
988,145,145,E003,2005,LM,0,1
604,4304,4304,E005,2005,LM,0,1
604,4304,902,E005,2005,LM,1,1
892,4435,4435,E006,2005,W,0,4
892,4435,466,E006,2005,W,1,4
206,2018,2018,E012,2005,W,0,4
533,417,417,E013,2005,C,0,NA
533,417,965,E013,2005,C,1,NA
1718,1738,1738,E015,2005,LF,0,NA
1718,1738,818,E015,2005,LF,1,NA
560,4230,4230,E017,2005,LM,0,1
4424,4230,356,E018,2005,LM,1,1
4424,4230,4230,E018,2005,LM,0,1
649,460,460,E019,2005,LM,0,1
416,4418,4418,E020,2005,LM,0,1
604,4304,4304,E021,2005,LM,0,1
521,1038,1038,E022,2005,LM,0,1
471,661,661,E024,2005,LM,0,1
427,22,145,E025,2005,LM,1,1
427,22,22,E025,2005,LM,0,1
917,4463,457,E026,2005,LM,1,1
438,11,11,E027,2005,LM,0,1
342,421,421,E030,2005,LM,0,1
586,285,285,E031,2005,LM,0,1
524,2018,2018,E032,2005,W,0,4
4290,4275,4304,E033,2005,LM,1,1
4290,4275,4275,E033,2005,LM,0,1
442,457,457,E034,2005,LM,0,1
819,602,602,E035,2005,LM,0,1
431,356,356,E036,2005,LM,0,1
431,356,285,E036,2005,LM,1,1
309,993,993,E038,2005,W,0,4
353,725,725,E039,2005,MR,0,NA
353,725,114,E039,2005,MR,1,NA
985,409,1500,E040,2005,LM,1,1
985,409,409,E040,2005,LM,0,1
76,287,287,E041,2005,LM,0,1
988,145,145,E042,2005,LM,0,1
988,145,285,E042,2005,LM,1,1
960,650,650,E043,2005,W,0,4
4273,4153,4153,E044,2005,W,0,4
4273,4153,1930,E044,2005,W,1,4
4273,4153,251,E044,2005,W,1,4
540,1053,1053,E045,2005,W,0,4
646,500,500,E046,2005,MR,0,NA
646,500,1838,E046,2005,MR,1,NA
646,500,590,E046,2005,MR,1,NA
346,1956,1956,E047,2005,MM,0,NA
45,166,166,E048,2005,F,0,3
592,418,418,E049,2005,W,0,4
1589,393,393,E050,2005,W,0,4
338,466,466,E051,2005,W,0,4
4391,4265,4388,E052,2005,W,1,4
4391,4265,4265,E052,2005,W,0,4
4391,4265,4421,E052,2005,W,1,4
892,4435,4435,E053,2005,W,0,4
556,23,1833,E054,2005,W,1,4
556,23,251,E054,2005,W,1,4
556,23,23,E054,2005,W,0,4
1054,823,823,E055,2005,W,0,4
1446,4423,1898,E056,2005,F,1,3
1446,4423,4423,E056,2005,F,0,3
605,1227,1227,E057,2005,F,0,3
1318,1210,1192,E058,2005,F,1,3
419,765,765,E059,2005,MR,0,NA
419,765,537,E059,2005,MR,1,NA
784,1095,1095,E060,2005,W,0,4
784,1095,505,E060,2005,W,1,4
963,505,505,E061,2005,C,0,NA
1069,1935,1935,E062,2005,LM,0,1
832,1464,1464,E063,2005,MM,0,NA
1047,1226,1226,E064,2005,MR,0,NA
512,765,765,E065,2005,MR,0,NA
542,251,251,E066,2005,W,0,4
927,1717,1717,E067,2005,MM,0,NA
1100,959,959,E068,2005,MM,0,NA
1827,1353,1353,E069,2005,MR,0,NA
1827,1353,725,E069,2005,MR,1,NA
1228,115,115,E071,2005,ML,0,NA
1228,115,494,E071,2005,ML,1,NA
857,1569,725,E072,2005,MR,1,NA
857,1569,1569,E072,2005,MR,0,NA
1907,504,46,E073,2005,ML,1,NA
1907,504,504,E073,2005,ML,0,NA
1739,46,46,E074,2005,ML,0,NA
1739,46,504,E074,2005,ML,1,NA
929,115,115,E075,2005,ML,0,NA
2004,823,418,E076,2005,W,1,4
2004,823,823,E076,2005,W,0,4
2004,823,962,E076,2005,W,1,4
256,1448,417,E077,2005,F,1,3
256,1448,1448,E077,2005,F,0,3
860,114,114,E078,2005,MR,0,NA
860,114,1568,E078,2005,MR,1,NA
1544,504,504,E079,2005,ML,0,NA
122,1448,166,E080,2005,F,1,3
122,1448,1448,E080,2005,F,0,3
206,2018,2018,E081,2005,W,0,4
206,2018,4229,E081,2005,W,1,4
1386,591,591,E082,2005,LM,0,1
569,1717,1717,E083,2005,MM,0,NA
1048,591,356,E084,2005,LM,1,1
649,460,460,E085,2005,LM,0,1
560,4230,4230,E086,2005,LM,0,1
1507,1500,145,E087,2005,LM,1,1
1507,1500,1500,E087,2005,LM,0,1
416,4418,4418,E088,2005,LM,0,1
416,4418,4413,E088,2005,LM,1,1
521,1038,1038,E089,2005,LM,0,1
521,1038,4230,E089,2005,LM,1,1
521,1038,1353,E089,2005,LM,1,1
604,4304,4304,E091,2005,LM,0,1
471,661,661,E092,2005,LM,0,1
1718,1738,1738,E093,2005,LF,0,NA
1718,1738,4275,E093,2005,LF,1,NA
1718,1738,1569,E093,2005,LF,1,NA
2007,2012,2012,E094,2005,LB,0,NA
1558,902,902,E095,2005,LM,0,1
1558,902,4304,E095,2005,LM,1,1
4425,962,962,E098,2005,W,0,4
524,2018,2018,E099,2005,W,0,4
524,2018,822,E099,2005,W,1,4
338,466,466,E100,2005,W,0,4
4424,537,537,E101,2005,R,0,2
4424,537,4304,E101,2005,R,1,2
4424,537,645,E101,2005,R,1,2
533,417,417,E102,2005,C,0,NA
1589,393,393,E103,2005,W,0,4
832,1464,1464,E104,2005,MM,0,NA
586,285,393,E105,2005,LM,1,1
586,285,285,E105,2005,LM,0,1
586,285,984,E105,2005,LM,1,1
586,285,1513,E105,2005,LM,1,1
1514,1929,4265,E106,2005,W,1,4
1514,1929,1929,E106,2005,W,0,4
1940,1970,1970,E107,2005,C,0,NA
1100,959,959,E108,2005,MM,0,NA
1228,115,115,E109,2005,ML,0,NA
442,457,457,E110,2005,LM,0,1
985,409,409,E111,2005,LM,0,1
985,409,11,E111,2005,LM,1,1
784,1095,1095,E112,2005,W,0,4
569,1717,1717,E113,2005,MM,0,NA
569,1717,417,E113,2005,MM,1,NA
512,765,765,E114,2005,MR,0,NA
2004,823,823,E115,2005,W,0,4
2004,823,962,E115,2005,W,1,4
892,4435,4435,E116,2005,W,0,4
980,4421,4421,E117,2005,W,0,4
1739,46,46,E118,2005,MR,0,NA
1364,504,504,E119,2005,ML,0,NA
1364,504,494,E119,2005,ML,1,NA
542,251,251,E120,2005,W,0,4
704,1438,1438,E121,2005,MR,0,NA
929,500,500,E122,2005,MR,0,NA
929,500,725,E122,2005,MR,1,NA
622,1954,1954,E123,2005,R,0,2
1907,504,504,E124,2005,ML,0,NA
1907,504,46,E124,2005,ML,1,NA
342,421,421,E125,2005,LM,0,1
309,993,251,E126,2005,W,1,4
309,993,993,E126,2005,W,0,4
2014,1906,1906,E127,2005,F,0,3
988,145,285,E128,2005,LM,1,1
988,145,287,E128,2005,LM,1,1
988,145,145,E128,2005,LM,0,1
427,22,22,E129,2005,LM,0,1
427,22,448,E129,2005,LM,1,1
819,602,602,E130,2005,LM,0,1
857,1569,1569,E131,2005,MR,0,NA
857,1569,725,E131,2005,MR,1,NA
4391,4265,4265,E132,2005,W,0,4
431,356,602,E133,2005,LM,1,1
431,356,356,E133,2005,LM,0,1
4290,4275,4275,E134,2005,LM,0,1
903,354,354,E135,2005,LM,0,1
917,4463,457,E136,2005,LM,1,1
917,4463,4463,E136,2005,LM,0,1
556,23,23,E137,2005,W,0,4
4273,4153,4153,E138,2005,W,0,4
913,818,818,E139,2005,LM,0,1
4437,4415,4415,A010,2001,C,0,NA
4498,4409,4409,A014,2001,C,0,NA
4437,4415,4415,A033,2001,C,0,NA
4310,4415,4211,A033,2001,C,1,NA
4498,4409,4409,A046,2001,C,0,NA
4434,4415,4158,B030,2002,C,1,NA
4434,4415,4415,B030,2002,C,0,NA
38,4403,4403,C027,2003,F,0,3
604,456,456,C058,2003,F,0,3
253,417,417,C080,2003,C,0,NA
284,4403,4403,C085,2003,F,0,3
253,417,417,C116,2003,C,0,NA
4497,4265,4265,D001,2004,W,0,4
4497,4265,4388,D001,2004,W,1,4
206,663,663,D002,2004,W,0,4
4424,590,590,D003,2004,LM,0,1
4290,4275,4275,D004,2004,LM,0,1
4290,4275,4304,D004,2004,LM,1,1
471,661,661,D005,2004,LM,0,1
471,661,145,D005,2004,LM,1,1
438,11,11,D007,2004,LM,0,1
371,4230,4230,D008,2004,LM,0,1
592,418,418,D011,2004,W,0,4
551,251,251,D014,2004,W,0,4
4273,4153,4153,D015,2004,W,0,4
4273,4153,4274,D015,2004,W,1,4
1083,1095,1095,D016,2004,F,0,3
1083,1095,4503,D016,2004,F,1,3
521,1038,1038,D017,2004,LM,0,1
521,1038,44,D017,2004,LM,1,1
45,166,1058,D018,2004,F,1,3
45,166,166,D018,2004,F,0,3
1048,902,902,D019,2004,LM,0,1
646,902,500,D019,2004,LM,1,1
419,4503,114,D020,2004,MR,1,NA
419,4503,4503,D020,2004,MR,0,NA
555,370,370,D021,2004,W,0,4
4376,383,383,D022,2004,S,0,6
4376,383,4264,D022,2004,S,1,6
1048,500,902,D023,2004,MR,1,NA
646,500,500,D023,2004,MR,0,NA
556,23,23,D024,2004,W,0,4
605,4423,4423,D025,2004,F,0,3
562,393,393,D026,2004,W,0,4
562,393,370,D026,2004,W,1,4
32,4229,4229,D027,2004,MM,0,NA
442,457,457,D028,2004,LM,0,1
442,457,602,D028,2004,LM,1,1
442,457,4304,D028,2004,LM,1,1
649,460,460,D029,2004,LM,0,1
649,460,4463,D029,2004,LM,1,1
353,725,725,D030,2004,MR,0,NA
284,456,456,D031,2004,LM,0,1
41,517,517,D032,2004,LM,0,1
586,285,285,D033,2004,LM,0,1
928,513,513,D034,2004,MM,0,NA
928,513,4229,D034,2004,MM,1,NA
1100,831,831,D035,2004,MM,0,NA
1100,831,1095,D035,2004,MM,1,NA
985,409,602,D036,2004,LM,1,1
892,4435,4435,D037,2004,W,0,4
892,4435,831,D037,2004,W,1,4
571,4423,4423,D038,2004,F,0,3
571,4423,4274,D038,2004,F,1,3
431,356,356,D039,2004,LM,0,1
988,145,145,D040,2004,LM,0,1
988,145,285,D040,2004,LM,1,1
903,354,1092,D042,2004,LB,1,NA
903,354,354,D042,2004,LB,0,NA
903,354,4423,D042,2004,LB,1,NA
819,602,602,D043,2004,LM,0,1
540,383,383,D044,2004,W,0,4
540,383,418,D044,2004,W,1,4
1069,115,115,D045,2004,ML,0,NA
1069,115,466,D045,2004,ML,1,NA
427,22,22,D046,2004,LM,0,1
723,24,24,D047,2004,MR,0,NA
723,24,925,D047,2004,MR,1,NA
704,504,504,D048,2004,ML,0,NA
929,46,46,D049,2004,ML,0,NA
960,650,650,D050,2004,W,0,4
371,4230,4230,D051,2004,LM,0,1
371,4230,4275,D051,2004,LM,1,1
416,4418,4418,D052,2004,LM,0,1
416,4418,145,D052,2004,LM,1,1
955,591,356,D053,2004,LF,1,NA
956,591,356,D053,2004,LF,1,NA
955,591,591,D053,2004,LF,0,NA
1074,4422,4422,D054,2004,W,0,4
1074,4422,448,D054,2004,W,1,4
256,132,23,D056,2004,F,1,3
256,132,132,D056,2004,F,0,3
346,4264,4264,D057,2004,MM,0,NA
927,466,4503,D058,2004,ML,1,NA
927,466,466,D058,2004,ML,0,NA
927,466,4247,D058,2004,ML,1,NA
76,287,1080,D059,2004,LM,1,1
76,287,285,D059,2004,LM,1,1
76,287,363,D059,2004,LM,1,1
76,287,287,D059,2004,LM,0,1
428,4421,4421,D060,2004,W,0,4
512,765,765,D061,2004,MR,0,NA
512,765,114,D061,2004,MR,1,NA
569,1043,1043,D062,2004,S,0,6
857,4247,4247,D063,2004,MR,0,NA
857,4247,725,D063,2004,MR,1,NA
604,4304,4304,D064,2004,LM,0,1
309,4326,4326,D065,2004,W,0,4
885,984,115,D066,2004,MR,1,NA
885,984,984,D066,2004,MR,0,NA
885,984,4229,D066,2004,MR,1,NA
885,984,114,D066,2004,MR,1,NA
206,663,663,D068,2004,W,0,4
4497,4265,4265,D069,2004,W,0,4
4501,4417,4417,D070,2004,ML,0,NA
4382,984,984,D071,2004,MR,0,NA
592,418,417,D072,2004,W,1,4
592,418,418,D072,2004,W,0,4
1054,823,823,D073,2004,W,0,4
4424,590,4304,D074,2004,LM,1,1
4424,590,590,D074,2004,LM,0,1
438,11,11,D075,2004,LM,0,1
438,11,4304,D075,2004,LM,1,1
4290,4275,4304,D076,2004,LM,1,1
4290,4275,4275,D076,2004,LM,0,1
471,661,661,D077,2004,LM,0,1
471,661,409,D077,2004,LM,1,1
649,460,460,D078,2004,LM,0,1
4273,4153,4153,D079,2004,W,0,4
4376,383,383,D080,2004,S,0,6
4376,383,2017,D080,2004,S,1,6
533,417,417,D081,2004,C,0,NA
533,417,529,D081,2004,C,1,NA
284,456,456,D082,2004,LM,0,1
442,457,457,D083,2004,LM,0,1
41,517,517,D085,2004,LM,0,1
41,517,4303,D085,2004,LM,1,1
45,166,166,D086,2004,F,0,3
646,500,500,D087,2004,MR,0,NA
562,393,393,D088,2004,W,0,4
562,393,370,D088,2004,W,1,4
122,132,132,D089,2004,F,0,3
521,1038,626,D090,2004,LM,1,1
521,1038,1038,D090,2004,LM,0,1
985,409,409,D091,2004,LM,0,1
1063,363,363,D092,2004,LF,0,NA
1063,363,822,D092,2004,LF,1,NA
353,725,725,D093,2004,MR,0,NA
586,285,285,D094,2004,LM,0,1
753,822,822,D095,2004,ML,0,NA
913,818,818,D096,2004,LM,0,1
819,602,602,D097,2004,LM,0,1
928,513,4229,D098,2004,MM,1,NA
928,513,513,D098,2004,MM,0,NA
1069,115,383,D099,2004,ML,1,NA
1069,115,115,D099,2004,ML,0,NA
431,356,356,D100,2004,LM,0,1
704,504,504,D101,2004,ML,0,NA
892,4435,4435,D102,2004,W,0,4
892,4435,251,D102,2004,W,1,4
960,650,650,D103,2004,W,0,4
542,466,466,D105,2004,W,0,4
427,22,448,D106,2004,LM,1,1
427,22,22,D106,2004,LM,0,1
860,114,114,D107,2004,MR,0,NA
903,354,354,D108,2004,LM,0,1
832,1099,1099,D109,2004,MM,0,NA
1048,902,902,D110,2004,LM,0,1
4497,4265,4265,D111,2004,W,0,4
4497,4265,4388,D111,2004,W,1,4
551,251,251,D112,2004,W,0,4
980,971,4421,D113,2004,W,1,4
980,971,971,D113,2004,W,0,4
309,4422,4435,D114,2004,W,1,4
309,4422,4422,D114,2004,W,0,4
540,383,383,D115,2004,W,0,4
929,46,46,D116,2004,ML,0,NA
342,421,22,D117,2004,LM,1,1
342,421,421,D117,2004,LM,0,1
419,4503,4229,D118,2004,MR,1,NA
419,4503,4503,D118,2004,MR,0,NA
206,663,663,D119,2004,W,0,4
4382,1095,1095,D120,2004,F,0,3
605,4423,4423,D121,2004,F,0,3
605,4423,4229,D121,2004,F,1,3
556,23,23,D122,2004,W,0,4
556,23,925,D122,2004,W,1,4
556,23,565,D122,2004,W,1,4
32,4229,4229,D123,2004,MM,0,NA
32,4229,505,D123,2004,MM,1,NA
604,4304,4304,D124,2004,LM,0,1
4501,4417,4417,D125,2004,ML,0,NA
784,499,499,D126,2004,W,0,4
592,418,4326,D127,2004,W,1,4
592,418,418,D127,2004,W,0,4
4424,590,590,D128,2004,LM,0,1
4424,590,4304,D128,2004,LM,1,1
988,145,285,D129,2004,LM,1,1
988,145,356,D129,2004,LM,1,1
416,4418,4304,D131,2004,LM,1,1
416,4418,4418,D131,2004,LM,0,1
371,4230,4230,D133,2004,LM,0,1
371,4230,4229,D133,2004,LM,1,1
371,4230,145,D133,2004,LM,1,1
1100,831,831,D134,2004,MM,0,NA
1074,4422,251,D135,2004,W,1,4
1074,4422,4422,D135,2004,W,0,4
571,4423,287,D136,2004,F,1,3
571,4423,4423,D136,2004,F,0,3
428,4421,4421,D137,2004,W,0,4
857,4247,4247,D138,2004,MR,0,NA
284,456,456,D139,2004,LM,0,1
955,591,591,D140,2004,LF,0,NA
960,650,650,D141,2004,W,0,4
256,132,132,D142,2004,F,0,3
256,132,993,D142,2004,F,1,3
913,818,818,D143,2004,LM,0,1
819,602,602,D144,2004,LM,0,1
442,457,457,D145,2004,LM,0,1
442,457,456,D145,2004,LM,1,1
512,765,765,D146,2004,MR,0,NA
346,4264,4403,D147,2004,MM,1,NA
346,4264,4264,D147,2004,MM,0,NA
346,4264,1005,D147,2004,MM,1,NA
4290,4275,4275,D148,2004,LM,0,1
985,409,409,D149,2004,LM,0,1
985,409,11,D149,2004,LM,1,1
76,287,287,D150,2004,LM,0,1
438,11,11,D151,2004,LM,0,1
438,11,4304,D151,2004,LM,1,1
41,517,517,D153,2004,LM,0,1
471,661,661,D154,2004,LM,0,1
533,417,417,D155,2004,C,0,NA
533,417,110,D155,2004,C,1,NA
556,23,23,D156,2004,W,0,4
309,4422,4422,D157,2004,W,0,4
649,460,11,D158,2004,LM,1,1
649,460,460,D158,2004,LM,0,1
4273,4153,4153,D159,2004,W,0,4
4273,4153,1052,D159,2004,W,1,4
4273,4153,1053,D159,2004,W,1,4
45,166,166,D160,2004,F,0,3
206,663,110,D161,2004,W,1,4
206,663,663,D161,2004,W,0,4
1063,537,537,D162,2004,LF,0,NA
431,356,24,D163,2004,LM,1,1
431,356,356,D163,2004,LM,0,1
431,356,285,D163,2004,LM,1,1
605,4423,4503,D165,2004,F,1,3
605,4423,4423,D165,2004,F,0,3
122,132,132,D166,2004,F,0,3
122,132,370,D166,2004,F,1,3
1100,831,4264,D167,2004,MM,1,NA
1100,831,831,D167,2004,MM,0,NA
646,500,500,D168,2004,MR,0,NA
892,4435,4435,D169,2004,W,0,4
892,4435,251,D169,2004,W,1,4
963,1053,1053,D170,2004,W,0,4
784,499,499,D171,2004,W,0,4
753,822,822,D172,2004,ML,0,NA
753,822,115,D172,2004,ML,1,NA
353,725,725,D173,2004,MR,0,NA
353,725,44,D173,2004,MR,1,NA
524,110,110,D175,2004,W,0,4
903,354,354,D176,2004,LB,0,NA
586,285,285,D177,2004,LM,0,1
4497,4265,890,D178,2004,W,1,4
4497,4265,4388,D178,2004,W,1,4
4497,4265,1005,D178,2004,W,1,4
4497,4265,466,D178,2004,W,1,4
338,466,466,D179,2004,W,0,4
704,115,115,D180,2004,ML,0,NA
1074,4422,251,D181,2004,W,1,4
1074,4422,448,D181,2004,W,1,4
1074,4422,4422,D181,2004,W,0,4
917,4463,4304,D182,2004,LM,1,1
427,22,22,D183,2004,LM,0,1
427,22,906,D183,2004,LM,1,1
860,114,114,D184,2004,MR,0,NA
860,114,44,D184,2004,MR,1,NA
41,517,517,D186,2004,LM,0,1
562,393,370,D188,2004,W,1,4
562,393,393,D188,2004,W,0,4
521,1038,251,D189,2004,LM,1,1
521,1038,1038,D189,2004,LM,0,1
521,1038,301,D189,2004,LM,1,1
342,421,421,D190,2004,LM,0,1
416,4418,4304,D193,2004,LM,1,1
416,4418,4418,D193,2004,LM,0,1
1062,957,537,D194,2004,LM,1,1
1062,957,4390,D194,2004,LM,1,1
556,23,22,D195,2004,W,1,4
556,23,23,D195,2004,W,0,4
4273,4153,4153,D197,2004,W,0,4
4273,4153,251,D197,2004,W,1,4
4424,590,590,D198,2004,LM,0,1
985,409,409,D199,2004,LM,0,1
428,4421,4421,D200,2004,W,0,4
963,1053,1053,D201,2004,W,0,4
1083,1095,1095,D202,2004,F,0,3
1446,4423,4423,E142,2005,F,0,3
45,166,166,E143,2005,F,0,3
605,1227,1227,E144,2005,F,0,3
76,287,287,E145,2005,LM,0,1
353,725,725,E146,2005,MR,0,NA
540,1053,1053,E147,2005,W,0,4
256,650,418,E148,2005,W,1,4
256,650,650,E148,2005,W,0,4
1318,1210,1192,E149,2005,F,1,3
1318,1210,1095,E149,2005,F,1,3
1827,1353,114,E150,2005,MR,1,NA
1827,1353,1353,E150,2005,MR,0,NA
646,1226,1226,E151,2005,MR,0,NA
927,1717,1717,E152,2005,MM,0,NA
1069,1935,1935,E153,2005,LM,0,1
649,460,460,E155,2005,LM,0,1
206,2018,2018,E156,2005,W,0,4
122,1448,166,E157,2005,F,1,3
122,1448,1448,E157,2005,F,0,3
1940,1970,1970,E158,2005,F,0,3
1940,1970,4463,E158,2005,F,1,3
1589,393,393,E159,2005,W,0,4
860,114,114,E160,2005,MR,0,NA
860,114,537,E160,2005,MR,1,NA
1386,591,591,E161,2005,LM,0,1
1386,591,1053,E161,2005,LM,1,1
1386,591,1702,E161,2005,LM,1,1
442,457,457,E162,2005,LM,0,1
1228,115,494,E163,2005,ML,1,NA
1228,115,115,E163,2005,ML,0,NA
416,4418,4418,E164,2005,LM,0,1
416,4418,1616,E164,2005,LM,1,1
416,4418,4230,E164,2005,LM,1,1
988,145,145,E167,2005,LF,0,NA
988,145,1972,E167,2005,LF,1,NA
980,4421,4421,E168,2005,W,0,4
592,418,418,E169,2005,W,0,4
4425,962,962,E170,2005,W,0,4
604,4304,4304,E171,2005,LM,0,1
604,4304,1823,E171,2005,LM,1,1
819,11,602,E172,2005,LM,1,1
819,11,11,E172,2005,LM,0,1
917,4463,1833,E174,2005,LM,1,1
917,4463,4463,E174,2005,LM,0,1
1048,591,591,E177,2005,LM,0,1
2007,2012,2012,E178,2005,LB,0,NA
1558,902,902,E180,2005,LM,0,1
1558,902,4304,E180,2005,LM,1,1
1558,902,1915,E180,2005,LM,1,1
586,285,285,E181,2005,LM,0,1
605,1227,1227,E182,2005,F,0,3
605,1227,4229,E182,2005,F,1,3
471,661,661,E183,2005,LM,0,1
560,4230,4230,E184,2005,LM,0,1
1718,1038,1038,E185,2005,LM,0,1
1718,1038,1703,E185,2005,LM,1,1
4424,537,537,E186,2005,LF,0,NA
4424,537,285,E186,2005,LF,1,NA
533,417,417,E187,2005,C,0,NA
524,2018,2018,E188,2005,W,0,4
338,466,466,E189,2005,W,0,4
1100,959,959,E190,2005,MM,0,NA
1827,1353,1353,E191,2005,MR,0,NA
2004,823,823,E192,2005,W,0,4
903,354,354,E193,2005,LM,0,1
4392,505,417,E194,2005,C,1,NA
4392,505,505,E194,2005,C,0,NA
1907,504,765,E195,2005,ML,1,NA
1907,504,504,E195,2005,ML,0,NA
206,2018,2018,E196,2005,W,0,4
45,166,166,E197,2005,F,0,3
892,4435,4435,E198,2005,W,0,4
892,4435,466,E198,2005,W,1,4
832,1464,765,E199,2005,MM,1,NA
832,1464,1464,E199,2005,MM,0,NA
985,602,602,E200,2005,LM,0,1
1514,1929,251,E201,2005,W,1,4
750,1898,1898,E202,2005,F,0,3
1386,287,287,E203,2005,LF,0,NA
1386,287,4418,E203,2005,LF,1,NA
860,114,537,E204,2005,MR,1,NA
860,114,46,E204,2005,MR,1,NA
860,114,114,E204,2005,MR,0,NA
860,114,590,E204,2005,MR,1,NA
646,500,114,E205,2005,MR,1,NA
646,500,500,E205,2005,MR,0,NA
342,421,421,E206,2005,LM,0,1
2014,356,356,E207,2005,LF,0,NA
309,993,993,E208,2005,W,0,4
4391,4265,4265,E209,2005,W,0,4
4391,4265,4421,E209,2005,W,1,4
4273,4153,4435,E210,2005,W,1,4
4273,4153,4153,E210,2005,W,0,4
542,251,251,E211,2005,W,0,4
512,765,765,E212,2005,MR,0,NA
1364,504,504,E213,2005,ML,0,NA
1739,46,46,E214,2005,ML,0,NA
427,22,22,E215,2005,LM,0,1
857,1569,725,E216,2005,MR,1,NA
857,1569,1569,E216,2005,MR,0,NA
1047,1226,1226,E217,2005,MR,0,NA
1318,23,23,E218,2005,W,0,4
4290,4275,4304,E219,2005,LM,1,1
4290,4275,4275,E219,2005,LM,0,1
913,818,818,E220,2005,LM,0,1
980,4421,4421,E221,2005,W,0,4
649,460,460,E222,2005,LM,0,1
784,1095,23,E223,2005,W,1,4
784,1095,1095,E223,2005,W,0,4
431,356,356,E224,2005,LM,0,1
540,1053,1053,E225,2005,W,0,4
122,1448,166,E229,2005,F,1,3
122,1448,494,E229,2005,F,1,3
4382,494,494,E230,2005,ML,0,NA
416,4418,4418,E232,2005,LM,0,1
416,4418,145,E232,2005,LM,1,1
586,285,285,E233,2005,LM,0,1
1069,1935,1935,E235,2005,LM,0,1
892,4435,23,E236,2005,W,1,4
892,4435,4435,E236,2005,W,0,4
988,145,285,E238,2005,LM,1,1
988,145,145,E238,2005,LM,0,1
442,457,457,E239,2005,LM,0,1
604,4304,4304,E240,2005,LM,0,1
604,4304,1637,E240,2005,LM,1,1
571,974,974,E241,2005,R,0,2
571,974,650,E241,2005,R,1,2
4391,4265,4421,E242,2005,W,1,4
4391,4265,4265,E242,2005,W,0,4
4391,4265,4388,E242,2005,W,1,4
309,993,993,E243,2005,W,0,4
524,4153,4153,F005,2006,W,0,4
45,166,166,F006,2006,F,0,3
1940,1210,1192,F007,2006,F,1,3
338,466,466,F009,2006,W,0,4
206,2018,4421,F010,2006,W,1,4
206,2018,2018,F010,2006,W,0,4
892,4435,4435,F012,2006,W,0,4
2349,1448,1448,F014,2006,F,0,3
592,418,418,F018,2006,W,0,4
2004,823,823,F023,2006,W,0,4
2004,823,1954,F023,2006,W,1,4
256,650,4435,F025,2006,W,1,4
256,650,650,F025,2006,W,0,4
571,1227,1227,F027,2006,F,0,3
3050,2187,2187,F028,2006,F,0,3
1827,1353,1353,F029,2006,MR,0,NA
2007,2352,4304,F038,2006,LM,1,1
2007,2352,2352,F038,2006,LM,0,1
427,285,285,F039,2006,LM,0,1
427,285,4304,F039,2006,LM,1,1
338,466,466,F040,2006,W,0,4
206,2906,2906,F041,2006,W,0,4
206,2906,23,F041,2006,W,1,4
4425,962,962,F044,2006,W,0,4
2725,457,457,F045,2006,LM,0,1
2865,1697,1697,F046,2006,W,0,4
2865,1697,1227,F046,2006,W,1,4
2966,2605,2605,F049,2006,W,0,4
2966,2605,661,F049,2006,W,1,4
4380,1210,962,F051,2006,F,1,3
4380,1210,1192,F051,2006,F,1,3
892,4435,4435,F052,2006,W,0,4
2691,23,650,F054,2006,W,1,4
2691,23,23,F054,2006,W,0,4
2004,823,823,F055,2006,W,0,4
256,650,417,F058,2006,W,1,4
256,650,650,F058,2006,W,0,4
1054,3052,3052,F059,2006,F,0,3
1054,3052,2904,F059,2006,F,1,3
784,417,417,F061,2006,C,0,NA
2658,2053,1569,F062,2006,R,1,2
2658,2053,2053,F062,2006,R,0,2
1827,2202,2202,F064,2006,ML,0,NA
571,1227,1227,F065,2006,F,0,3
1047,500,500,F066,2006,MR,0,NA
927,494,494,F067,2006,ML,0,NA
2584,2173,2173,F068,2006,R,0,2
1100,959,959,F070,2006,MM,0,NA
1100,959,1226,F070,2006,MM,1,NA
2408,2053,2693,F073,2006,S,1,6
2405,1464,499,F074,2006,MM,1,NA
2166,1464,500,F074,2006,MM,1,NA
2166,1464,1464,F074,2006,MM,0,NA
857,1569,725,F075,2006,MR,1,NA
857,1569,1569,F075,2006,MR,0,NA
45,166,166,F077,2006,F,0,3
843,2904,2904,F078,2006,W,0,4
860,2246,2246,F079,2006,MM,0,NA
860,2246,1464,F079,2006,MM,1,NA
860,2246,2202,F079,2006,MM,1,NA
427,661,661,F084,2006,LM,0,1
2725,457,457,F085,2006,LM,0,1
586,4230,4230,F087,2006,LM,0,1
2865,1697,1697,F088,2006,W,0,4
2865,1697,962,F088,2006,W,1,4
2865,1697,823,F088,2006,W,1,4
988,2970,2970,F089,2006,LM,0,1
2167,2944,2944,F090,2006,LB,0,NA
2167,2944,2768,F090,2006,LB,1,NA
206,2661,2661,F091,2006,W,0,4
338,466,466,F093,2006,W,0,4
892,4435,4435,F094,2006,W,0,4
2840,46,46,F095,2006,ML,0,NA
2004,823,823,F096,2006,W,0,4
929,984,984,F097,2006,MR,0,NA
980,23,23,F098,2006,W,0,4
980,23,1095,F098,2006,W,1,4
4380,4378,4378,F099,2006,MR,0,NA
622,2187,2187,F101,2006,F,0,3
622,2187,2661,F101,2006,F,1,3
256,650,650,F104,2006,W,0,4
2691,23,23,F106,2006,W,0,4
586,2651,2651,F107,2006,LM,0,1
784,417,417,F108,2006,C,0,NA
2865,1954,1954,F109,2006,F,0,3
2865,1954,962,F109,2006,F,1,3
1100,959,1956,F111,2006,MM,1,NA
1100,959,500,F111,2006,MM,1,NA
2658,2053,1956,F112,2006,R,1,2
2658,2053,2053,F112,2006,R,0,2
338,2906,2906,F113,2006,W,0,4
843,2904,2904,F114,2006,W,0,4
45,166,166,F115,2006,F,0,3
2405,1464,1464,F117,2006,MM,0,NA
2405,1464,2354,F117,2006,MM,1,NA
927,494,115,F118,2006,ML,1,NA
927,494,494,F118,2006,ML,0,NA
592,418,418,F122,2006,W,0,4
592,418,650,F122,2006,W,1,4
860,114,114,F123,2006,MR,0,NA
206,2661,2661,F126,2006,W,0,4
2004,823,823,F128,2006,W,0,4
892,4435,4435,F130,2006,W,0,4
3051,2906,2906,F132,2006,W,0,4
338,2906,2906,F132,2006,W,0,4
4380,3285,3285,G003,2007,LM,0,1
4380,3285,2651,G003,2007,LM,1,1
338,2605,2605,G005,2007,W,0,4
4425,1697,1697,G013,2007,W,0,4
3395,2173,2173,G016,2007,R,0,2
927,2202,2202,G017,2007,ML,0,NA
927,2202,46,G017,2007,ML,1,NA
860,2693,1448,G020,2007,LM,1,1
860,2693,3394,G020,2007,LM,1,1
3050,2768,2768,G021,2007,F,0,3
2004,417,417,G023,2007,W,0,4
3302,417,417,G026,2007,C,0,NA
3302,417,23,G026,2007,C,1,NA
2492,2944,2944,G028,2007,F,0,3
2492,2944,417,G028,2007,F,1,3
586,2651,2651,G029,2007,LM,0,1
586,2651,166,G029,2007,LM,1,1
3404,1697,417,G030,2007,W,1,4
3340,4304,4304,G031,2007,LM,0,1
3536,2542,2542,G033,2007,F,0,3
3351,2944,2944,G034,2007,LM,0,1
2489,2605,2605,G036,2007,W,0,4
3350,3430,3430,G037,2007,LM,0,1
4425,1697,1697,G038,2007,W,0,4
4380,3285,3285,G039,2007,LM,0,1
4380,3285,661,G039,2007,LM,1,1
3507,3442,3442,G040,2007,LF,0,NA
929,2202,2202,G041,2007,MR,0,NA
2004,417,417,G042,2007,W,0,4
3427,2453,2453,G044,2007,LM,0,1
3427,2453,2651,G044,2007,LM,1,1
2166,3460,1569,G045,2007,MM,1,NA
2166,3460,2651,G045,2007,MM,1,NA
1100,3460,4390,G046,2007,MM,1,NA
1100,3460,3460,G046,2007,MM,0,NA
1100,3460,3442,G046,2007,MM,1,NA
3288,3445,46,G047,2007,ML,1,NA
750,3496,3496,G050,2007,F,0,3
3475,3450,3450,G051,2007,LM,0,1
3475,3450,650,G051,2007,LM,1,1
3429,3359,3359,G052,2007,S,0,6
3404,1697,1697,G053,2007,W,0,4
3395,2173,2173,G054,2007,R,0,2
3395,2173,2944,G054,2007,R,1,2
3302,417,417,G055,2007,C,0,NA
860,2693,3394,G056,2007,LM,1,1
3516,2453,2453,G057,2007,LM,0,1
3516,2453,417,G057,2007,LM,1,1
542,3478,417,G060,2007,LM,1,1
542,3478,3478,G060,2007,LM,0,1
857,3478,661,G060,2007,LM,1,1
2492,2944,417,G061,2007,F,1,3
2492,2944,3496,G061,2007,F,1,3
2492,2944,2944,G061,2007,F,0,3
3050,2768,2768,G062,2007,F,0,3
586,2651,2651,G063,2007,LM,0,1
586,2651,2388,G063,2007,LM,1,1
3536,2542,2542,G067,2007,F,0,3
3340,4304,4304,G068,2007,LM,0,1
2489,2605,2605,G070,2007,W,0,4
3350,3430,1448,G071,2007,LM,1,1
3350,3430,3430,G071,2007,LM,0,1
2004,417,417,G072,2007,W,0,4
3555,3370,3370,G074,2007,W,0,4
4425,1697,417,G075,2007,W,1,4
4425,1697,1697,G075,2007,W,0,4
1100,3460,3460,G076,2007,MM,0,NA
1100,3460,3092,G076,2007,MM,1,NA
3515,661,661,G078,2007,LM,0,1
860,2693,2693,G079,2007,LM,0,1
860,2693,3312,G079,2007,LM,1,1
3507,3442,661,G080,2007,LF,1,NA
3507,3442,3442,G080,2007,LF,0,NA
3427,2453,2453,G081,2007,LM,0,1
3395,2173,2173,G082,2007,R,0,2
3457,2173,2173,G082,2007,R,0,2
3475,3450,3450,G083,2007,LM,0,1
3475,3450,3089,G083,2007,LM,1,1
3475,3450,3394,G083,2007,LM,1,1
2166,3460,2202,G084,2007,MM,1,NA
2166,3460,3460,G084,2007,MM,0,NA
2840,46,1569,G085,2007,ML,1,NA
2840,46,46,G085,2007,ML,0,NA
929,2202,2202,G086,2007,MR,0,NA
3516,2453,2453,G087,2007,LM,0,1
3516,2453,661,G087,2007,LM,1,1
3341,3496,3496,G088,2007,F,0,3
3341,3496,2173,G088,2007,F,1,3
3404,1697,1697,G089,2007,W,0,4
4380,3285,3285,G092,2007,LM,0,1
929,2202,3496,G093,2007,ML,1,NA
929,2202,2542,G093,2007,ML,1,NA
586,2651,2651,G094,2007,LM,0,1
586,2651,3276,G094,2007,LM,1,1
3302,2768,2768,G095,2007,F,0,3
3536,2542,2542,G096,2007,F,0,3
3340,4304,4304,G097,2007,LM,0,1
3515,661,661,G098,2007,LM,0,1
3302,3359,1697,H001,2008,W,1,4
4380,3285,3285,H002,2008,LM,0,1
3050,3496,3496,H003,2008,F,0,3
3648,3766,3766,H009,2008,W,0,4
927,2202,2202,H010,2008,MM,0,NA
3760,2605,2605,H012,2008,W,0,4
4380,3285,3285,H014,2008,LM,0,1
4380,3285,3370,H014,2008,LM,1,1
3831,3359,3359,H015,2008,W,0,4
3050,3496,3496,H017,2008,F,0,3
3648,3450,3450,H019,2008,R,0,2
3302,2651,2605,H020,2008,LM,1,1
3302,2651,2651,H020,2008,LM,0,1
3760,2605,2605,H022,2008,W,0,4
4380,3285,3285,H023,2008,LM,0,1
4380,3285,2651,H023,2008,LM,1,1
927,2202,2202,H024,2008,MM,0,NA
3302,3359,3359,H026,2008,W,0,4
3050,3496,3496,H027,2008,F,0,3
4380,3285,3285,I002,2009,LM,0,1
4062,3717,3717,I004,2009,LM,0,1
4069,3684,3285,I006,2009,LM,1,1
4069,3684,3684,I006,2009,LM,0,1
4084,2605,2605,I007,2009,W,0,4
4510,4072,4072,I009,2009,W,0,4
3050,3496,3496,I010,2009,F,0,3
4511,4509,4509,I013,2009,W,0,4
4059,3450,3684,I014,2009,LM,1,1
4059,3450,3450,I014,2009,LM,0,1
4110,3370,3370,I015,2009,W,0,4
4110,3370,4512,I015,2009,W,1,4
4110,3370,3359,I015,2009,W,1,4
3302,3359,2605,I016,2009,W,1,4
3302,3359,3370,I016,2009,W,1,4
3302,3359,3359,I016,2009,W,0,4
4028,3764,3496,I017,2009,F,1,3
4028,3764,3764,I017,2009,F,0,3
4086,3684,3684,I019,2009,LM,0,1
4078,4117,4117,I020,2009,LM,0,1
4062,3717,3717,I022,2009,LM,0,1
4037,3442,3442,I023,2009,LM,0,1
4069,4070,4070,I024,2009,LM,0,1
4068,4039,4039,I025,2009,F,0,3
927,3445,3445,I026,2009,ML,0,NA
927,3445,4378,I026,2009,ML,1,NA
4760,4033,3764,I028,2009,F,1,3
4760,4033,4033,I028,2009,F,0,3
4059,3450,3285,I029,2009,LM,1,1
4059,3450,3450,I029,2009,LM,0,1
4049,4029,4378,I033,2009,W,1,4
4049,4029,4029,I033,2009,W,0,4
4510,4072,4072,I034,2009,W,0,4
4053,4060,4060,I035,2009,W,0,4
4053,4060,3684,I035,2009,W,1,4
4084,2605,2605,I036,2009,W,0,4
4511,4509,4509,I037,2009,W,0,4
3302,3359,3359,I039,2009,W,0,4
3302,3359,4395,I039,2009,W,1,4
4069,3285,3285,I040,2009,LM,0,1
4110,3370,3370,I041,2009,W,0,4
4110,3370,3359,I041,2009,W,1,4
4034,4070,4070,I042,2009,LB,0,NA
4034,4070,3496,I042,2009,LB,1,NA
4059,3450,3450,I043,2009,LM,0,1
4759,4023,4023,I044,2009,F,0,3
4028,3764,3764,I045,2009,F,0,3
4013,4087,4087,I046,2009,LF,0,NA
4078,4117,4117,I047,2009,LM,0,1
4037,3442,3442,I048,2009,LM,0,1
4062,3717,3717,I050,2009,LM,0,1
927,3445,4378,I051,2009,ML,1,NA
927,3445,3445,I051,2009,ML,0,NA
3050,3496,3496,I052,2009,F,0,3
4085,4072,3496,I053,2009,W,1,4
4085,4072,4033,I053,2009,W,1,4
4049,4029,4029,I054,2009,C,0,NA
4049,4029,4098,I054,2009,C,1,NA
4511,4039,4039,I056,2009,W,0,4
3302,3359,3359,I057,2009,W,0,4
3302,3359,2605,I057,2009,W,1,4
4084,2605,2605,I058,2009,W,0,4
4034,3684,3684,I060,2009,LM,0,1
4069,3285,4512,I061,2009,LM,1,1
4069,3285,3285,I061,2009,LM,0,1
4059,3450,3450,I062,2009,LM,0,1
4059,3450,3285,I062,2009,LM,1,1
3302,3359,3359,J001,2010,W,0,4
4760,4109,4109,J002,2010,W,0,4
4110,3370,3359,J011,2010,W,1,4
3395,4072,4072,J012,2010,W,0,4
4084,4757,3359,J013,2010,W,1,4
4084,4757,4757,J013,2010,W,0,4
4744,4682,4682,J014,2010,F,0,3
4078,4071,4071,J015,2010,LM,0,1
4078,4071,3496,J015,2010,LM,1,1
4585,4703,4695,J017,2010,F,1,3
4619,4664,4664,J020,2010,LF,0,NA
4110,3370,3370,J023,2010,W,0,4
4110,3370,3359,J023,2010,W,1,4
3302,3359,3359,J024,2010,W,0,4
4049,4039,4039,J025,2010,W,0,4
4049,4039,3764,J025,2010,W,1,4
4037,4753,4753,J026,2010,W,0,4
3395,4072,3496,J027,2010,W,1,4
3395,4072,4072,J027,2010,W,0,4
4759,3764,3764,J028,2010,F,0,3
4059,3450,3450,J031,2010,LM,0,1
4723,4119,4119,J032,2010,LM,0,1
4062,3717,3684,J033,2010,LM,1,1
4062,3717,3285,J033,2010,LM,1,1
4062,3717,3717,J033,2010,LM,0,1
4739,4070,4070,J034,2010,LM,0,1
4739,4070,3496,J034,2010,LM,1,1
4760,4109,4109,J035,2010,W,0,4
4084,4757,4029,J037,2010,W,1,4
4084,4757,3359,J037,2010,W,1,4
4084,4757,4757,J037,2010,W,0,4
4078,4071,4071,J040,2010,LM,0,1
4744,4682,3684,J041,2010,F,1,3
4744,4682,4682,J041,2010,F,0,3
4619,4664,4664,J042,2010,LF,0,NA
3395,4072,4072,J043,2010,W,0,4
4754,4573,4573,J044,2010,ML,0,NA
4759,3764,3764,J045,2010,F,0,3
4084,4757,4029,J046,2010,W,1,4
4084,4757,3359,J046,2010,W,1,4
4084,4757,4757,J046,2010,W,0,4
4059,3450,3450,J048,2010,LM,0,1
4037,4753,3684,J050,2010,W,1,4
4037,4753,4753,J050,2010,W,0,4
4049,4722,4722,J051,2010,W,0,4
3395,3496,3496,J053,2010,R,0,2
4739,4070,4070,J054,2010,LM,0,1
3302,3359,3359,J056,2010,W,0,4
3302,3359,4072,J056,2010,W,1,4
4062,3717,3717,J057,2010,LM,0,1
4078,4071,4071,J058,2010,LM,0,1
4744,4682,4682,J059,2010,F,0,3
4689,3445,3445,J060,2010,ML,0,NA
4619,4664,4664,J061,2010,LF,0,NA
4110,3370,4060,J062,2010,W,1,4
4723,4119,4119,J063,2010,LM,0,1
4059,3450,3285,J064,2010,LM,1,1
4059,3450,3450,J064,2010,LM,0,1
4721,4039,4039,J066,2010,W,0,4
3395,4072,4072,J067,2010,W,0,4
4854,4907,4907,K002,2011,F,0,3
4084,4757,3359,K003,2011,W,1,4
4084,4757,4109,K003,2011,W,1,4
4084,4757,4757,K003,2011,W,0,4
4585,4735,4735,K004,2011,S,0,6
3302,3359,3359,K008,2011,W,0,4
4062,4895,4895,K012,2011,LM,0,1
4982,4885,4737,K013,2011,W,1,4
4982,4885,4885,K013,2011,W,0,4
4759,3764,3764,K014,2011,F,0,3
4759,3764,3496,K014,2011,F,1,3
4739,4686,4109,K015,2011,LM,1,1
4739,4686,4686,K015,2011,LM,0,1
4967,4649,4649,K016,2011,LM,0,1
4049,4753,5676,K017,2011,W,1,4
4049,4753,4753,K017,2011,W,0,4
4049,4753,5623,K017,2011,W,1,4
5017,4706,4706,K018,2011,W,0,4
4972,4673,5044,K020,2011,W,1,4
4972,4673,4060,K020,2011,W,1,4
4905,4109,4109,K021,2011,W,0,4
4905,4109,4722,K021,2011,W,1,4
4927,4906,4906,K024,2011,LM,0,1
4863,4852,4852,K025,2011,LM,0,1
4864,4852,4852,K025,2011,LM,0,1
4872,4996,4996,K027,2011,LM,0,1
5030,4768,4768,K028,2011,LM,0,1
4110,4722,4722,K031,2011,W,0,4
4947,4914,4914,K033,2011,S,0,6
4873,4960,4960,K036,2011,LM,0,1
4830,4070,3496,K042,2011,ML,1,NA
4830,4070,4070,K042,2011,ML,0,NA
5046,5047,5047,K043,2011,MR,0,NA
4989,4900,4900,K026,2011,C,0,NA
4864,5623,5623,K044,2011,F,0,3
4864,5623,3359,K044,2011,F,1,3
4974,5062,4966,K046,2011,W,1,4
3302,3359,3359,K050,2011,W,0,4
5067,4868,4868,K051,2011,F,0,3
4723,3684,3684,K054,2011,LM,0,1
4862,4847,5048,K057,2011,MR,1,NA
4862,4847,4573,K057,2011,MR,1,NA
4862,4847,4847,K057,2011,MR,0,NA
4854,4907,4682,K060,2011,F,1,3
4084,4757,4757,K061,2011,W,0,4
4084,4757,4900,K061,2011,W,1,4
4863,4852,4852,K065,2011,LM,0,1
4759,3764,3764,K068,2011,F,0,3
4585,4735,5044,K070,2011,S,1,6
4585,4735,4735,K070,2011,S,0,6
4585,4735,4753,K070,2011,S,1,6
4585,4735,4941,K070,2011,S,1,6
4110,4722,4722,K071,2011,W,0,4
4110,4722,4395,K071,2011,W,1,4
4110,4722,4768,K071,2011,W,1,4
4982,4885,4885,K072,2011,W,0,4
4972,4673,4757,K074,2011,W,1,4
4972,4673,4673,K074,2011,W,0,4
4873,4960,4960,K076,2011,LM,0,1
4967,4768,4768,K077,2011,LM,0,1
5058,4717,4717,K079,2011,F,0,3
4942,3496,3496,K080,2011,R,0,2
4872,4996,4996,K081,2011,LM,0,1
5017,4706,4757,K082,2011,W,1,4
4619,5024,4649,K083,2011,LF,1,NA
4619,5024,4941,K083,2011,LF,1,NA
4739,4686,5676,K084,2011,LM,1,1
4739,4686,5623,K084,2011,LM,1,1
4739,4686,4686,K084,2011,LM,0,1
4947,4914,4914,K085,2011,S,0,6
4947,4914,4735,K085,2011,S,1,6
5046,5047,5047,K091,2011,MR,0,NA
5046,5047,4070,K091,2011,MR,1,NA
4830,4070,4070,K093,2011,ML,0,NA
4968,4998,4998,K029,2011,LM,0,1
4867,5050,5050,K088,2011,LM,0,1
4059,4109,3450,K097,2011,W,1,4
4974,4060,4060,K100,2011,W,0,4
4974,4060,4109,K100,2011,W,1,4
4944,4072,4649,K101,2011,W,1,4
4944,4072,4998,K101,2011,W,1,4
4944,4072,4023,K101,2011,W,1,4
4909,5644,5669,K103,2011,ML,1,NA
4909,5644,3496,K103,2011,ML,1,NA
4909,5644,4070,K103,2011,ML,1,NA
3302,3359,5069,K104,2011,W,1,4
3302,3359,3359,K104,2011,W,0,4
3302,3359,4885,K104,2011,W,1,4
4723,3684,3684,K109,2011,LM,0,1
4723,3684,5024,K109,2011,LM,1,1
4989,4900,5623,K110,2011,C,1,NA
4989,4900,5871,K110,2011,C,1,NA
4965,4812,4682,K111,2011,ML,1,NA
4965,4812,4039,K111,2011,ML,1,NA
4965,4812,4757,K111,2011,ML,1,NA
4854,4907,4907,K112,2011,F,0,3
4862,4847,4847,K114,2011,MR,0,NA
4963,4868,4868,K115,2011,LM,0,1
4084,4757,5062,K118,2011,W,1,4
4084,4757,4757,K118,2011,W,0,4
4084,4757,4119,K118,2011,W,1,4
5025,5044,5044,K119,2011,W,0,4
5025,5044,4757,K119,2011,W,1,4
4873,4960,4960,K121,2011,LM,0,1
4972,4673,4757,K122,2011,W,1,4
4967,4768,4071,K125,2011,LM,1,1
4967,4768,4768,K125,2011,LM,0,1
4049,4753,4753,K126,2011,W,0,4
4049,4753,4119,K126,2011,W,1,4
4049,4753,5623,K126,2011,W,1,4
4905,4109,4914,K128,2011,W,1,4
4905,4109,4109,K128,2011,W,0,4
4982,4737,4737,K130,2011,W,0,4
4982,4737,5035,K130,2011,W,1,4
4759,3764,3764,K131,2011,F,0,3
4110,4722,4722,K132,2011,W,0,4
4110,4722,4395,K132,2011,W,1,4
4968,4998,4998,K133,2011,LM,0,1
4961,4686,4686,K134,2011,LM,0,1
4947,4914,4914,K136,2011,S,0,6
5005,4060,4737,K142,2011,W,1,4
5005,4060,4060,K142,2011,W,0,4
4867,5050,5050,K143,2011,LM,0,1
5053,5009,5009,K151,2011,LM,0,1
5014,5489,5489,L001,2012,LM,0,1
5294,4943,5048,L002,2012,F,1,3
5294,4943,4943,L002,2012,F,0,3
4084,4900,4900,L003,2012,W,0,4
4084,4900,5871,L003,2012,W,1,4
4084,4900,4705,L003,2012,W,1,4
5025,4705,4705,L005,2012,W,0,4
4862,5031,5031,L006,2012,F,0,3
4862,5031,4682,L006,2012,F,1,3
4576,4682,4682,L007,2012,S,0,6
4963,5468,5468,L008,2012,LM,0,1
4963,5468,4960,L008,2012,LM,1,1
5067,5623,5623,L009,2012,F,0,3
4663,5871,5871,L010,2012,W,0,4
5284,3764,3764,L011,2012,F,0,3
4961,4960,5466,L012,2012,LM,1,1
4961,4960,4960,L012,2012,LM,0,1
4975,4991,4991,L013,2012,LM,0,1
4975,4991,4895,L013,2012,LM,1,1
4739,4991,4895,L014,2012,LM,1,1
4739,4991,4991,L014,2012,LM,0,1
4059,4768,4768,L015,2012,LM,0,1
4059,4768,4895,L015,2012,LM,1,1
4872,5675,5675,L017,2012,LM,0,1
4872,5675,4960,L017,2012,LM,1,1
4723,5437,5437,L018,2012,LM,0,1
4967,4768,4768,L019,2012,LM,0,1
5428,4896,4896,L021,2012,R,0,2
5428,4896,4745,L021,2012,R,1,2
4873,4960,5253,L022,2012,LM,1,1
4873,4960,4960,L022,2012,LM,0,1
5014,5489,5489,L026,2012,LM,0,1
5093,4682,4900,L027,2012,S,1,6
5093,4682,4682,L027,2012,S,0,6
5625,5195,5195,L029,2012,W,0,4
5625,5195,4722,L029,2012,W,1,4
5589,5616,5616,L031,2012,LM,0,1
5407,5517,5517,L030,2012,LM,0,1
5407,5517,5359,L030,2012,LM,1,1
5294,4943,4943,L032,2012,F,0,3
4944,4722,4722,L034,2012,W,0,4
5598,5359,5359,L035,2012,LM,0,1
4084,4900,4682,L036,2012,W,1,4
4084,4900,4900,L036,2012,W,0,4
5214,4757,4757,L037,2012,W,0,4
5134,5107,5107,L038,2012,MM,0,NA
4873,5393,5393,L039,2012,LM,0,1
4975,4991,4895,L040,2012,LM,1,1
4963,5449,4722,L041,2012,W,1,4
4963,5449,5449,L041,2012,W,0,4
4961,4960,4960,L043,2012,LM,0,1
6238,6240,6240,L046,2012,W,0,4
4898,5048,4943,L047,2012,F,1,3
4898,5048,5048,L047,2012,F,0,3
4944,4722,4722,L048,2012,W,0,4
5410,5466,5466,L049,2012,LM,0,1
5140,4895,4895,L050,2012,LM,0,1
5284,3764,3764,L051,2012,F,0,3
5284,3764,4745,L051,2012,F,1,3
4576,4682,4682,L052,2012,S,0,6
5067,5623,5623,L053,2012,F,0,3
5678,5311,5311,L054,2012,R,0,2
4872,5675,5675,L055,2012,LM,0,1
4723,5669,5669,L056,2012,LM,0,1
4059,4768,4768,L057,2012,LM,0,1
5025,4705,4722,L058,2012,W,1,4
5025,4705,4705,L058,2012,W,0,4
5014,5489,5489,L060,2012,LM,0,1
5598,5359,5359,L061,2012,LM,0,1
4967,5517,4895,L063,2012,LM,1,1
4967,5517,5517,L063,2012,LM,0,1
6245,5031,5031,L064,2012,F,0,3
6245,5031,4929,L064,2012,F,1,3
5093,4682,4682,L065,2012,S,0,6
4965,5314,5314,L066,2012,W,0,4
4965,5314,5675,L066,2012,W,1,4
5625,5195,5195,L069,2012,W,0,4
6238,6240,6240,L070,2012,W,0,4
5589,5616,5616,L071,2012,LM,0,1
4873,5393,5393,L072,2012,LM,0,1
5407,4991,4991,L073,2012,LM,0,1
4961,4960,4960,L074,2012,LM,0,1
5214,4757,4757,L075,2012,W,0,4
4084,4900,4682,L076,2012,W,1,4
4084,4900,4757,L076,2012,W,1,4
4084,4900,4900,L076,2012,W,0,4
4963,5449,5449,L077,2012,W,0,4
4963,5449,4960,L077,2012,W,1,4
5294,4943,4943,L078,2012,F,0,3
5134,5107,5107,L079,2012,MM,0,NA
5410,5466,5466,L080,2012,LM,0,1
5410,5466,4960,L080,2012,LM,1,1
4059,4768,4768,L081,2012,LM,0,1
4898,5048,5048,L082,2012,F,0,3
5284,3764,4943,L083,2012,F,1,3
5284,3764,4745,L083,2012,F,1,3
5284,3764,3764,L083,2012,F,0,3
4663,5871,5871,L084,2012,W,0,4
5025,4705,4705,L085,2012,W,0,4
5093,4682,4900,L086,2012,S,1,6
5093,4682,4682,L086,2012,S,0,6
4944,4722,4943,L088,2012,W,1,4
4944,4722,4722,L088,2012,W,0,4
5067,5623,5623,L089,2012,F,0,3
5014,5489,5489,L090,2012,LM,0,1
5140,4895,4895,L091,2012,LM,0,1
4723,5669,5669,L092,2012,LM,0,1
4723,5669,5202,L092,2012,LM,1,1
4723,5669,3764,L092,2012,LM,1,1
4872,5675,5675,L093,2012,LM,0,1
4975,4895,4895,L094,2012,LM,0,1
4967,5517,5517,L095,2012,LM,0,1
5598,5359,5359,L096,2012,LM,0,1
4739,5424,5424,L100,2012,W,0,4
5067,5031,5031,M001,2013,F,0,3
4576,4682,4682,M002,2013,S,0,6
5294,4943,4745,M004,2013,F,1,3
5294,4943,4943,M004,2013,F,0,3
5284,3764,3764,M005,2013,F,0,3
5284,3764,4943,M005,2013,F,1,3
4961,4960,4960,M006,2013,LM,0,1
4967,5461,5461,M007,2013,LM,0,1
5140,4895,4895,M008,2013,LM,0,1
5093,4682,4682,M010,2013,S,0,6
5598,5359,5359,M011,2013,LM,0,1
6238,6240,6240,M013,2013,W,0,4
5589,5616,5616,M016,2013,LM,0,1
5589,5616,4768,M016,2013,LM,1,1
4739,5468,4895,M018,2013,LM,1,1
4739,5468,5468,M018,2013,LM,0,1
5410,5466,5466,M019,2013,LM,0,1
4975,5461,5461,M020,2013,LM,0,1
4975,5461,4895,M020,2013,LM,1,1
6290,5393,5393,M021,2013,LM,0,1
4872,5675,5675,M023,2013,LM,0,1
4723,4991,4991,M024,2013,LM,0,1
6499,5489,5489,M025,2013,LM,0,1
6638,5449,5449,M026,2013,W,0,4
4965,5314,5424,M028,2013,W,1,4
4965,5314,5314,M028,2013,W,0,4
6522,5222,5222,M030,2013,W,0,4
6500,5048,5048,M031,2013,F,0,3
6500,5048,6648,M031,2013,F,1,3
5294,4943,4943,M032,2013,F,0,3
6321,5517,5466,M036,2013,LM,1,1
6321,5517,5517,M036,2013,LM,0,1
6321,5517,5675,M036,2013,LM,1,1
6451,5623,5623,M037,2013,F,0,3
6451,5623,5311,M037,2013,F,1,3
4663,5424,5424,M039,2013,W,0,4
6506,6492,6492,M040,2013,W,0,4
6491,6260,5466,M041,2013,LM,1,1
6491,6260,6260,M041,2013,LM,0,1
4976,5139,5139,M042,2013,F,0,3
4967,5461,5461,M043,2013,LM,0,1
5067,5031,5031,M045,2013,F,0,3
5067,5031,5424,M045,2013,F,1,3
6526,6371,6371,M049,2013,LM,0,1
6269,6270,6270,M050,2013,MM,0,NA
6499,5489,5461,M052,2013,LM,1,1
6499,5489,5466,M052,2013,LM,1,1
6543,4900,4900,M053,2013,W,0,4
5589,5616,5616,M055,2013,LM,0,1
5598,5359,5466,M056,2013,LM,1,1
5598,5359,5359,M056,2013,LM,0,1
4576,4682,4682,M057,2013,S,0,6
4576,4682,5107,M057,2013,S,1,6
4975,5461,5461,M059,2013,LM,0,1
4961,4960,4960,M060,2013,LM,0,1
4961,4960,5466,M060,2013,LM,1,1
6459,6447,6447,M061,2013,LF,0,NA
6638,5449,5449,M064,2013,W,0,4
6460,6436,6436,M065,2013,W,0,4
5625,5195,4722,M068,2013,W,1,4
5625,5195,5195,M068,2013,W,0,4
6370,5311,5311,M069,2013,R,0,2
6370,5311,5096,M069,2013,R,1,2
6476,6251,6251,M070,2013,C,0,NA
5140,4895,4895,M072,2013,LM,0,1
5140,4895,5359,M072,2013,LM,1,1
4059,4768,4768,M073,2013,LM,0,1
4059,4768,4895,M073,2013,LM,1,1
5214,4757,4757,M076,2013,W,0,4
6384,6509,6509,M077,2013,W,0,4
4723,4991,5675,M078,2013,LM,1,1
4723,4991,4991,M078,2013,LM,0,1
5093,4682,4682,M079,2013,S,0,6
6420,6455,6455,M088,2013,ML,0,NA
6290,5393,5393,M093,2013,LM,0,1
5284,3764,3764,M094,2013,F,0,3
5284,3764,6650,M094,2013,F,1,3
6238,6240,6607,M098,2013,W,1,4
6238,6240,6240,M098,2013,W,0,4
7022,7024,4722,M100,2013,MR,1,NA
4933,7024,5202,M100,2013,MR,1,NA
7022,7024,7024,M100,2013,MR,0,NA
6267,6433,3764,M101,2013,MM,1,NA
6267,6433,6433,M101,2013,MM,0,NA
5410,5466,5466,M102,2013,LM,0,1
5410,5466,4960,M102,2013,LM,1,1
4739,5468,5468,M103,2013,LM,0,1
4944,4722,4722,M104,2013,W,0,4
5014,5489,5489,M105,2013,LM,0,1
6269,6270,7024,M106,2013,MM,1,NA
6269,6270,4722,M106,2013,MM,1,NA
6269,6270,6270,M106,2013,MM,0,NA
6421,6501,6501,M107,2013,W,0,4
6555,5035,5035,M108,2013,W,0,4
4965,5314,5314,M112,2013,W,0,4
4663,5424,5424,M113,2013,W,0,4
6321,5517,5517,M114,2013,LM,0,1
6321,5517,5466,M114,2013,LM,1,1
6321,5517,5195,M114,2013,LM,1,1
6643,6260,6260,M116,2013,LM,0,1
6526,6371,6371,M117,2013,LM,0,1
6451,5048,5048,M118,2013,F,0,3
6392,6280,6280,M119,2013,W,0,4
4975,6489,6489,M122,2013,LM,0,1
4975,6489,5461,M122,2013,LM,1,1
4975,6489,4895,M122,2013,LM,1,1
4967,5461,5461,M123,2013,LM,0,1
4967,5461,4895,M123,2013,LM,1,1
4961,4960,4960,M124,2013,LM,0,1
4576,4682,6650,M125,2013,S,1,6
4576,4682,4682,M125,2013,S,0,6
6499,5489,5461,M127,2013,LM,1,1
6499,5489,5489,M127,2013,LM,0,1
6543,5222,5222,M128,2013,W,0,4
6638,5449,5449,M129,2013,W,0,4
5589,5616,5616,M131,2013,LM,0,1
5625,5195,6404,M132,2013,W,1,4
5625,5195,5195,M132,2013,W,0,4
6370,5311,4757,M133,2013,R,1,2
6370,5311,5311,M133,2013,R,0,2
5407,6461,4895,M138,2013,LM,1,1
4872,5675,5675,M139,2013,LM,0,1
4723,4991,5675,M140,2013,LM,1,1
4723,4991,4991,M140,2013,LM,0,1
5214,4757,4757,M143,2013,W,0,4
5214,4757,4900,M143,2013,W,1,4
5140,4895,4895,M145,2013,LM,0,1
6290,5393,5393,M146,2013,LM,0,1
6290,5393,5202,M146,2013,LM,1,1
5093,4682,4682,M147,2013,S,0,6
6460,6436,6436,M149,2013,W,0,4
6323,5623,5623,M150,2013,F,0,3
6323,5623,6404,M150,2013,F,1,3
4059,4768,4768,M152,2013,LM,0,1
4059,4768,4895,M152,2013,LM,1,1
6316,6344,6251,M154,2013,W,1,4
6316,6344,6344,M154,2013,W,0,4
5284,3764,4929,M155,2013,F,1,3
5284,3764,3764,M155,2013,F,0,3
6453,5468,5468,M160,2013,LM,0,1
6238,6240,4757,M162,2013,W,1,4
6238,6240,6240,M162,2013,W,0,4
6384,6509,6509,M163,2013,W,0,4
6384,6509,5195,M163,2013,W,1,4
5014,5489,5489,M165,2013,LM,0,1
6526,6371,6371,M167,2013,LM,0,1
5294,4943,4943,M168,2013,F,0,3
4944,4722,4722,M169,2013,W,0,4
4961,4960,4960,M178,2013,LM,0,1
4961,4960,5466,M178,2013,LM,1,1
6321,5517,5517,N002,2014,LM,0,1
6321,5517,5675,N002,2014,LM,1,1
6649,6923,6923,N003,2014,LM,0,1
4967,5461,5461,N005,2014,LM,0,1
4961,7267,7267,N006,2014,LM,0,1
5294,4943,4929,N007,2014,F,1,3
5294,4943,4943,N007,2014,F,0,3
6555,6492,6492,N012,2014,W,0,4
4576,4682,4682,N013,2014,S,0,6
5589,5616,5616,N014,2014,LM,0,1
4873,4960,4960,N016,2014,LM,0,1
6767,4900,6503,N018,2014,W,1,4
4059,4768,4768,N019,2014,LM,0,1
6967,6562,6562,N021,2014,F,0,3
6643,6260,5675,N022,2014,LM,1,1
6643,6260,6260,N022,2014,LM,0,1
6638,5449,5449,N024,2014,W,0,4
5284,3764,6435,N025,2014,F,1,3
5284,3764,3764,N025,2014,F,0,3
4739,5466,5466,N028,2014,LM,0,1
6920,6902,6902,N029,2014,LF,0,NA
6955,6927,6927,N030,2014,W,0,4
4663,5424,5424,N032,2014,W,0,4
6384,6509,5195,N033,2014,W,1,4
6384,6509,6509,N033,2014,W,0,4
5140,4895,5466,N034,2014,LM,1,1
5140,4895,4895,N034,2014,LM,0,1
6269,6270,6270,N035,2014,MM,0,NA
6641,5031,5031,N038,2014,F,0,3
6451,5623,5623,N039,2014,F,0,3
4872,5675,5675,N040,2014,LM,0,1
6543,5222,5222,N041,2014,W,0,4
4975,7267,7267,N044,2014,LM,0,1
4965,6503,6503,N046,2014,W,0,4
4965,6503,5195,N046,2014,W,1,4
4723,6461,6461,N047,2014,LM,0,1
6387,6969,6969,N048,2014,LM,0,1
6387,6969,5466,N048,2014,LM,1,1
6316,6344,6344,N049,2014,W,0,4
5625,5195,5195,N050,2014,W,0,4
5625,5195,5031,N050,2014,W,1,4
5625,5195,4722,N050,2014,W,1,4
7040,6833,6833,N051,2014,MR,0,NA
6871,6816,6816,N053,2014,R,0,2
6370,5311,5311,N055,2014,R,0,2
4967,5461,4895,N059,2014,LM,1,1
4967,5461,5461,N059,2014,LM,0,1
5589,5616,4768,N064,2014,LM,1,1
5589,5616,5616,N064,2014,LM,0,1
6930,7203,7203,N065,2014,LM,0,1
6930,7203,4895,N065,2014,LM,1,1
6638,5449,5449,N067,2014,W,0,4
6638,5449,5222,N067,2014,W,1,4
6976,6436,6436,N068,2014,W,0,4
6649,6923,6923,N074,2014,LM,0,1
7649,6786,6786,N075,2014,R,0,2
6321,5517,5517,N081,2014,LM,0,1
6290,7268,7268,N082,2014,LM,0,1
4059,4768,4768,N083,2014,LM,0,1
5407,7154,7154,N087,2014,LM,0,1
5294,4943,4943,N089,2014,F,0,3
6526,6808,5048,N095,2014,LM,1,1
6526,6808,5616,N095,2014,LM,1,1
6767,4900,6285,N096,2014,W,1,4
6767,4900,5195,N096,2014,W,1,4
6888,4722,4722,N097,2014,W,0,4
7133,6790,6910,N098,2014,F,1,3
5284,3764,3764,N099,2014,F,0,3
5284,3764,4943,N099,2014,F,1,3
6250,6532,4682,N101,2014,S,1,6
6250,6532,6532,N101,2014,S,0,6
4576,4682,4682,N102,2014,S,0,6
6387,6969,5466,N103,2014,LM,1,1
6387,6969,6969,N103,2014,LM,0,1
4873,4960,4960,N104,2014,LM,0,1
6907,7113,7113,N105,2014,MR,0,NA
6845,6280,6280,N108,2014,W,0,4
6845,6280,4757,N108,2014,W,1,4
7103,6830,6492,N111,2014,W,1,4
4872,5675,5675,N115,2014,LM,0,1
4961,7267,7267,N116,2014,LM,0,1
5140,4895,4895,N117,2014,LM,0,1
6795,6894,6894,N118,2014,LM,0,1
6967,6562,6562,N119,2014,F,0,3
6967,6562,6563,N119,2014,F,1,3
6643,6260,6260,N121,2014,LM,0,1
6643,6260,4768,N121,2014,LM,1,1
6555,6492,6492,N123,2014,W,0,4
4663,5424,5424,N124,2014,W,0,4
6976,6436,6436,N125,2014,W,0,4
6976,6436,6344,N125,2014,W,1,4
6920,6902,6902,N126,2014,LF,0,NA
6955,6927,6927,N127,2014,W,0,4
4739,5466,5466,N128,2014,LM,0,1
4965,6503,6503,N136,2014,W,0,4
6384,6509,6509,N137,2014,W,0,4
6384,6509,4722,N137,2014,W,1,4
6641,5031,4896,N138,2014,F,1,3
6641,5031,5031,N138,2014,F,0,3
6543,5222,5222,N140,2014,W,0,4
6543,5222,4757,N140,2014,W,1,4
5625,5195,4745,N141,2014,W,1,4
5625,5195,5195,N141,2014,W,0,4
4723,6461,6461,N142,2014,LM,0,1
5014,4895,4895,N143,2014,LM,0,1
5014,4895,6581,N143,2014,LM,1,1
6451,5623,5623,N144,2014,F,0,3
6500,6527,6527,N145,2014,LM,0,1
6500,6527,4943,N145,2014,LM,1,1
6977,6581,6581,N146,2014,LM,0,1
6977,6581,6391,N146,2014,LM,1,1
6316,6344,6435,N147,2014,W,1,4
6316,6344,6344,N147,2014,W,0,4
6316,6344,5424,N147,2014,W,1,4
4975,7267,7267,N148,2014,LM,0,1
4975,7267,4895,N148,2014,LM,1,1
4967,5461,5461,N152,2014,LM,0,1
5589,5616,5616,N154,2014,LM,0,1
6871,6816,6816,N156,2014,R,0,2
6974,6790,6344,N157,2014,W,1,4
6974,6790,6790,N157,2014,W,0,4
6649,6923,6923,N159,2014,LM,0,1
4059,4768,4768,N160,2014,LM,0,1
6638,5449,5449,N162,2014,W,0,4
7040,6833,6833,N163,2014,MR,0,NA
6290,7268,7268,N166,2014,LM,0,1
6812,6435,6435,N167,2014,C,0,NA
5294,6969,4943,N168,2014,LM,1,1
5294,6969,5048,N168,2014,LM,1,1
5294,6969,6969,N168,2014,LM,0,1
6935,6808,6808,N169,2014,LM,0,1
6776,6924,6924,N170,2014,W,0,4
6930,7203,7203,N171,2014,LM,0,1
6930,7203,7267,N171,2014,LM,1,1
4976,5139,6391,N172,2014,F,1,3
4976,5139,5139,N172,2014,F,0,3
6321,5517,5517,N173,2014,LM,0,1
7649,6786,6786,N174,2014,R,0,2
5284,3764,4929,N181,2014,F,1,3
5284,3764,3764,N181,2014,F,0,3
5214,4757,4757,N182,2014,W,0,4
5407,7154,7154,N183,2014,LM,0,1
4576,4682,4682,N185,2014,S,0,6
6888,4722,4722,N186,2014,W,0,4
6888,4722,6435,N186,2014,W,1,4
6250,6532,6532,N187,2014,S,0,6
6643,6260,6260,N189,2014,LM,0,1
6555,6492,6492,N191,2014,W,0,4
7133,7074,7074,N195,2014,F,0,3
4961,7267,7267,N197,2014,LM,0,1
6845,6280,6280,N198,2014,W,0,4
7103,6830,6830,N199,2014,W,0,4
4872,5675,5675,N200,2014,LM,0,1
5140,4895,4895,N201,2014,LM,0,1
6795,6894,6260,N202,2014,LM,1,1
4663,5424,5424,N204,2014,W,0,4
4663,5424,4900,N204,2014,W,1,4
6967,6562,6562,N207,2014,F,0,3
6967,6562,4943,N207,2014,F,1,3
6897,7046,7046,N208,2014,LM,0,1
6897,7046,6461,N208,2014,LM,1,1
6920,6902,6902,N209,2014,LF,0,NA
6920,6902,6894,N209,2014,LF,1,NA
6955,6927,6509,N213,2014,W,1,4
6955,6927,6927,N213,2014,W,0,4
6907,7113,6455,N215,2014,MR,1,NA
6907,7113,7113,N215,2014,MR,0,NA
5014,4895,4895,N217,2014,LM,0,1
6530,7200,7200,N218,2014,LM,0,1
5625,5195,5195,N219,2014,W,0,4
4723,6461,6461,N221,2014,LM,0,1
6724,5031,5031,N225,2014,F,0,3
6451,5623,5623,N226,2014,F,0,3
4975,7267,7267,N236,2014,LM,0,1
4975,7267,3764,N236,2014,LM,1,1
4059,4768,4768,N237,2014,LM,0,1
5589,6923,6923,N239,2014,LM,0,1
6290,6902,6902,O001,2015,LM,0,1
6643,7814,7814,O002,2015,LM,0,1
6544,7814,7814,O002,2015,LM,0,1
7897,6808,6808,O003,2015,LM,0,1
6250,6862,6862,O004,2015,S,0,6
4967,7267,7267,O005,2015,LM,0,1
5589,6923,6923,O007,2015,LM,0,1
4723,6461,6461,O008,2015,LM,0,1
4723,6461,5675,O008,2015,LM,1,1
5407,5675,5675,O009,2015,LM,0,1
5407,5675,7200,O009,2015,LM,1,1
6955,6924,6924,O010,2015,W,0,4
6955,6924,5195,O010,2015,W,1,4
6967,7160,7160,O014,2015,F,0,3
5284,7900,7900,O015,2015,F,0,3
7679,7267,6461,O016,2015,LM,1,1
6724,6786,6786,O017,2015,F,0,3
6974,6921,6921,O018,2015,W,0,4
6974,6921,6687,O018,2015,W,1,4
6384,5424,5424,O023,2015,W,0,4
7942,7814,7814,O025,2015,LM,0,1
7942,7814,6808,O025,2015,LM,1,1
4967,7267,7267,O030,2015,LM,0,1
5407,5675,5675,O031,2015,LM,0,1
5407,5675,5466,O031,2015,LM,1,1
7897,6808,6808,O034,2015,LM,0,1
4854,6923,6923,O035,2015,LM,0,1
6290,6902,6902,O036,2015,LM,0,1
8304,6648,6648,O037,2015,LM,0,1
8304,6648,6461,O037,2015,LM,1,1
7679,7814,7814,O038,2015,LM,0,1
7679,7814,5466,O038,2015,LM,1,1
7679,7814,6461,O038,2015,LM,1,1
6643,7814,7814,O039,2015,LM,0,1
6643,7814,5675,O039,2015,LM,1,1
8055,6923,6923,O040,2015,LM,0,1
8055,6923,6902,O040,2015,LM,1,1
7276,4682,4682,O041,2015,S,0,6
7276,4682,6386,O041,2015,S,1,6
7040,6887,6887,O042,2015,MM,0,NA
7947,7689,7689,O045,2015,W,0,4
5625,5195,5195,O047,2015,W,0,4
5625,5195,6927,O047,2015,W,1,4
6555,6492,6492,O048,2015,W,0,4
6952,7710,7710,O049,2015,R,0,2
4723,6461,5675,O050,2015,LM,1,1
4723,6461,6461,O050,2015,LM,0,1
4976,5139,5139,O051,2015,F,0,3
7616,6270,6270,O052,2015,ML,0,NA
7616,6270,6768,O052,2015,ML,1,NA
6845,4900,4900,O054,2015,W,0,4
6316,6927,6927,O055,2015,W,0,4
6316,6927,6517,O055,2015,W,1,4
6250,6517,6517,O058,2015,S,0,6
6250,6517,6862,O058,2015,S,1,6
6955,6924,6924,O060,2015,W,0,4
7764,7900,7900,O061,2015,F,0,3
6967,7160,7160,O062,2015,F,0,3
6967,7160,6492,O062,2015,F,1,3
5407,5675,5675,O063,2015,LM,0,1
6974,6921,6921,O064,2015,W,0,4
6974,6921,6461,O064,2015,W,1,4
8176,7647,7647,O066,2015,C,0,NA
8176,7647,5424,O066,2015,C,1,NA
6724,6786,6786,O067,2015,F,0,3
6290,5466,5466,O068,2015,LM,0,1
7679,7814,7814,O069,2015,LM,0,1
7679,7814,6461,O069,2015,LM,1,1
5284,7900,7900,O070,2015,F,0,3
5284,7900,7278,O070,2015,F,1,3
6384,5424,5424,O071,2015,W,0,4
7897,6808,6808,O074,2015,LM,0,1
7942,6902,6902,O075,2015,LM,0,1
7942,6902,5675,O075,2015,LM,1,1
8636,6862,6862,O076,2015,S,0,6
4967,7267,7267,O077,2015,LM,0,1
4967,7267,5466,O077,2015,LM,1,1
5407,5675,5675,O079,2015,LM,0,1
6643,7814,5675,O080,2015,LM,1,1
6643,7814,7814,O080,2015,LM,0,1
8055,6923,6923,O081,2015,LM,0,1
8055,6923,6902,O081,2015,LM,1,1
7947,7689,7689,O082,2015,W,0,4
8063,7615,7615,O083,2015,R,0,2
5625,5195,5195,O084,2015,W,0,4
6845,4900,5195,O085,2015,W,1,4
6845,4900,4900,O085,2015,W,0,4
6555,6492,6492,O086,2015,W,0,4
6952,7877,7570,O087,2015,R,1,2
6952,7877,7877,O087,2015,R,0,2
4723,6461,6461,O088,2015,LM,0,1
6316,6927,6927,O090,2015,W,0,4
6955,6924,6492,O094,2015,W,1,4
6955,6924,6924,O094,2015,W,0,4
6967,7160,6921,O095,2015,F,1,3
6967,7160,6832,O095,2015,F,1,3
6724,6786,6786,O098,2015,F,0,3
7764,7900,7570,O099,2015,F,1,3
7764,7900,7900,O099,2015,F,0,3
5284,7900,7900,O100,2015,F,0,3
6974,6921,6921,O101,2015,W,0,4
4854,7984,7984,O103,2015,W,0,4
6384,7793,7793,O104,2015,W,0,4
6384,7793,6270,O104,2015,W,1,4
7112,7074,7074,O105,2015,F,0,3
7947,7689,5195,O117,2015,W,1,4
7947,7689,7689,O117,2015,W,0,4
7764,8729,8729,P001,2016,W,0,4
6384,5195,5195,P002,2016,W,0,4
6384,5195,6492,P002,2016,W,1,4
8557,6808,6808,P003,2016,LM,0,1
7947,7689,6927,P004,2016,W,1,4
7947,7689,7689,P004,2016,W,0,4
7616,7984,7984,P006,2016,W,0,4
8693,8498,7689,P007,2016,W,1,4
8693,8498,8498,P007,2016,W,0,4
8690,8502,8502,P008,2016,W,0,4
8690,8502,6927,P008,2016,W,1,4
8690,8502,7426,P008,2016,W,1,4
8353,8752,6251,P011,2016,C,1,NA
6845,4900,4900,P012,2016,W,0,4
6845,4900,6927,P012,2016,W,1,4
8370,6927,6927,P013,2016,W,0,4
8370,6927,6924,P013,2016,W,1,4
6316,6517,6517,P014,2016,S,0,6
6316,6517,6386,P014,2016,S,1,6
6643,7814,7814,P016,2016,LM,0,1
6555,6492,5195,P018,2016,W,1,4
6555,6492,6492,P018,2016,W,0,4
6536,7900,7900,P019,2016,F,0,3
6955,6924,6924,P020,2016,W,0,4
8559,8648,7984,P022,2016,W,1,4
8559,8648,8648,P022,2016,W,0,4
6974,6921,6921,P023,2016,W,0,4
6724,6786,6786,P024,2016,F,0,3
7942,5466,5466,P026,2016,LM,0,1
7942,5466,7267,P026,2016,LM,1,1
4723,8391,8391,P028,2016,LM,0,1
8750,8747,8747,P032,2016,W,0,4
8941,8567,8567,P039,2016,W,0,4
6974,6921,6921,P042,2016,W,0,4
6974,6921,7689,P042,2016,W,1,4
5284,7900,7900,P043,2016,F,0,3
8589,8716,8716,P047,2016,W,0,4
8398,7900,7900,P048,2016,F,0,3
8398,7900,6386,P048,2016,F,1,3
8063,8603,7877,P049,2016,W,1,4
8063,8603,7615,P049,2016,W,1,4
8063,8603,8603,P049,2016,W,0,4
6643,7814,7267,P050,2016,LM,1,1
6643,7814,7814,P050,2016,LM,0,1
8607,8515,6768,P051,2016,W,1,4
8607,8515,8515,P051,2016,W,0,4
8693,8498,8498,P060,2016,W,0,4
6724,6786,6786,P061,2016,F,0,3
8370,6927,6927,P064,2016,W,0,4
6955,6924,6924,P065,2016,W,0,4
6955,6924,6492,P065,2016,W,1,4
6536,9038,9038,P066,2016,F,0,3
8055,7267,7267,P069,2016,LM,0,1
8055,7267,7814,P069,2016,LM,1,1
4723,8391,6648,P070,2016,LM,1,1
4723,8391,8391,P070,2016,LM,0,1
7764,8729,8729,P071,2016,W,0,4
7947,7689,6927,P072,2016,W,1,4
7947,7689,7689,P072,2016,W,0,4
6555,6492,6492,P073,2016,W,0,4
8353,8752,8752,P077,2016,C,0,NA
6384,5195,6492,P078,2016,W,1,4
6384,5195,5195,P078,2016,W,0,4
8636,8512,8512,P079,2016,W,0,4
8493,7615,7615,P081,2016,R,0,2
8493,7615,7877,P081,2016,R,1,2
7616,7984,7984,P082,2016,W,0,4
6845,4900,4900,P083,2016,W,0,4
6845,4900,7984,P083,2016,W,1,4
8434,6915,6386,P084,2016,S,1,6
8434,6915,6915,P084,2016,S,0,6
8690,8502,7689,P085,2016,W,1,4
8690,8502,8498,P085,2016,W,1,4
5284,4896,4896,P088,2016,F,0,3
6316,6517,6517,P089,2016,S,0,6
6316,6517,6924,P089,2016,S,1,6
6755,8715,8715,P092,2016,W,0,4
6755,8715,6492,P092,2016,W,1,4
8710,7160,7160,P093,2016,F,0,3
6643,7814,7814,P094,2016,LM,0,1
6974,6921,6921,P095,2016,W,0,4
8589,8499,8499,P098,2016,W,0,4
8607,8515,6789,P100,2016,W,1,4
8607,8515,8515,P100,2016,W,0,4
6724,6786,6786,P102,2016,F,0,3
6536,9038,9038,P103,2016,F,0,3
8559,8648,6270,P106,2016,W,1,4
8693,8498,8498,P107,2016,W,0,4
8055,7267,7267,P108,2016,LM,0,1
8055,7267,7814,P108,2016,LM,1,1
7947,7689,7689,P109,2016,W,0,4
7947,7689,6927,P109,2016,W,1,4
6955,6924,6492,P110,2016,W,1,4
6955,6924,6924,P110,2016,W,0,4
7764,8729,8729,P112,2016,W,0,4
8370,6927,6768,P113,2016,W,1,4
8370,6927,6789,P113,2016,W,1,4
4723,8391,8391,P114,2016,LM,0,1
4723,8391,4943,P114,2016,LM,1,1
6845,4900,4900,P116,2016,W,0,4
6845,4900,6927,P116,2016,W,1,4
8398,7877,7877,P117,2016,R,0,2
6555,6492,6492,P118,2016,W,0,4
5284,4896,4896,P122,2016,F,0,3
5284,4896,4943,P122,2016,F,1,3
8636,8512,8512,P123,2016,W,0,4
8434,6915,6386,P124,2016,S,1,6
8434,6915,6915,P124,2016,S,0,6
8513,4943,4943,P125,2016,F,0,3
6316,6517,6517,P126,2016,S,0,6
6643,7814,7814,P128,2016,LM,0,1
8690,8502,4943,P130,2016,W,1,4
8690,8502,8502,P130,2016,W,0,4
6974,6921,6921,P133,2016,W,0,4
6974,6921,6492,P133,2016,W,1,4
8710,7160,7160,P134,2016,F,0,3
8370,6927,6927,P137,2016,W,0,4
8370,6927,8188,P137,2016,W,1,4
6555,6492,6492,P138,2016,W,0,4
8589,8499,6492,P139,2016,W,1,4
6755,8715,6492,P140,2016,W,1,4
7764,8729,8729,P141,2016,W,0,4
7764,8729,6927,P141,2016,W,1,4
6643,7814,7814,P145,2016,LM,0,1
6724,8906,9038,Q001,2017,F,1,3
8849,8752,8752,Q003,2017,F,0,3
4723,5466,5466,Q010,2017,LM,0,1
8769,8652,7814,Q012,2017,LM,1,1
6974,6921,6927,Q014,2017,W,1,4
8589,8499,8499,Q016,2017,W,0,4
6643,7814,7814,Q017,2017,LM,0,1
8710,7160,7160,Q020,2017,F,0,3
7764,8729,8729,Q023,2017,W,0,4
7764,8729,6921,Q023,2017,W,1,4
6955,6924,6924,Q025,2017,W,0,4
6755,8888,8888,Q026,2017,W,0,4
8693,8498,8498,Q027,2017,W,0,4
8690,8502,6921,Q028,2017,W,1,4
8690,8502,8502,Q028,2017,W,0,4
6536,9038,9038,Q029,2017,F,0,3
5284,4896,4896,Q030,2017,F,0,3
9159,8795,8795,Q031,2017,LM,0,1
9271,8978,8978,Q034,2017,LM,0,1
9271,8978,7814,Q034,2017,LM,1,1
9100,8365,8365,Q035,2017,LM,0,1
8979,9002,9002,Q036,2017,LM,0,1
9252,9251,9251,Q038,2017,LM,0,1
6974,6921,6921,Q039,2017,W,0,4
8607,8515,6927,Q040,2017,W,1,4
8607,8515,8515,Q040,2017,W,0,4
8943,5195,8567,Q041,2017,W,1,4
8998,9000,9000,Q043,2017,W,0,4
8589,8499,8499,Q044,2017,W,0,4
8434,6915,6915,Q046,2017,S,0,6
8434,6915,6386,Q046,2017,S,1,6
7616,4900,4900,Q047,2017,W,0,4
8963,8878,8878,Q048,2017,W,0,4
8963,8878,7532,Q048,2017,W,1,4
8055,7267,7267,Q049,2017,LM,0,1
9258,9002,9002,Q050,2017,LM,0,1
9130,6808,6808,Q051,2017,LM,0,1
8956,8850,8850,Q053,2017,R,0,2
9249,9185,9185,Q055,2017,LM,0,1
9249,9185,8708,Q055,2017,LM,1,1
6643,7814,7814,Q056,2017,LM,0,1
9132,8949,8949,Q057,2017,W,0,4
8398,9073,9073,Q059,2017,R,0,2
9082,9223,9223,Q060,2017,R,0,2
9027,9516,8390,Q061,2017,C,1,NA
9027,9516,9516,Q061,2017,C,0,NA
9066,8391,8391,Q063,2017,LM,0,1
9113,9133,9133,Q064,2017,LM,0,1
8559,8648,8648,Q065,2017,W,0,4
8559,8648,6921,Q065,2017,W,1,4
8806,9512,9512,Q068,2017,MM,0,NA
8966,6927,8567,Q069,2017,W,1,4
8966,6927,6927,Q069,2017,W,0,4
8966,6927,6921,Q069,2017,W,1,4
8849,8752,8752,Q070,2017,F,0,3
8849,8752,9038,Q070,2017,F,1,3
9121,9143,9143,Q072,2017,W,0,4
8855,9222,9222,Q073,2017,W,0,4
8710,7160,7160,Q074,2017,F,0,3
8710,7160,7877,Q074,2017,F,1,3
9020,9273,6789,Q075,2017,LM,1,1
9020,9273,9273,Q075,2017,LM,0,1
9159,8652,8652,Q085,2017,LM,0,1
9252,9251,9251,Q086,2017,LM,0,1
9252,9251,5466,Q086,2017,LM,1,1
6724,8906,8906,Q087,2017,F,0,3
9209,8977,8977,Q092,2017,ML,0,NA
9083,8729,8729,Q097,2017,W,0,4
8979,9002,9002,Q099,2017,LM,0,1
9095,9089,9089,Q101,2017,W,0,4
9095,9089,6921,Q101,2017,W,1,4
7947,7689,7689,Q102,2017,W,0,4
6955,6924,6924,Q103,2017,W,0,4
9046,8498,8498,Q105,2017,W,0,4
8055,5466,5466,Q107,2017,LM,0,1
8690,8502,8502,Q109,2017,W,0,4
8690,8502,8770,Q109,2017,W,1,4
6755,8888,8865,Q110,2017,W,1,4
6755,8888,8888,Q110,2017,W,0,4
8434,6915,6386,Q113,2017,S,1,6
6974,6921,6921,Q116,2017,W,0,4
8693,8498,8498,Q117,2017,W,0,4
5284,9267,9267,Q118,2017,F,0,3
9163,8965,8965,Q114,2017,LM,0,1
9130,6808,6808,Q115,2017,LM,0,1
9100,8365,8365,Q119,2017,LM,0,1
6643,7814,7814,Q120,2017,LM,0,1
9113,9133,9133,Q122,2017,LM,0,1
9132,8949,8949,Q123,2017,W,0,4
8559,4900,4900,Q126,2017,W,0,4
9121,9143,9143,Q127,2017,W,0,4
8589,8499,8499,Q128,2017,W,0,4
8943,5195,5195,Q129,2017,W,0,4
8943,5195,8567,Q129,2017,W,1,4
8607,8515,8515,Q131,2017,W,0,4
9268,4943,4943,Q132,2017,F,0,3
8855,9222,9222,Q134,2017,W,0,4
8963,8878,8878,Q135,2017,W,0,4
8963,8878,8502,Q135,2017,W,1,4
9066,8391,8391,Q138,2017,LM,0,1
8966,6927,8515,Q140,2017,W,1,4
8966,6927,6927,Q140,2017,W,0,4
8849,8752,8752,Q141,2017,F,0,3
8956,8850,8850,Q142,2017,R,0,2
8956,8850,8707,Q142,2017,R,1,2
9117,9076,9076,Q144,2017,LM,0,1
8710,7160,7877,Q145,2017,F,1,3
8710,7160,7160,Q145,2017,F,0,3
8398,9073,9073,Q148,2017,R,0,2
9082,9223,9164,Q149,2017,R,1,2
9252,9273,9273,Q150,2017,LM,0,1
7616,9272,9272,Q152,2017,W,0,4
6724,8906,8906,Q153,2017,F,0,3
9249,9185,9185,Q156,2017,LM,0,1
9099,8652,8652,Q160,2017,LM,0,1
8750,8983,8983,Q161,2017,W,0,4
8806,9512,8697,Q162,2017,MM,1,NA
6974,6921,6921,Q169,2017,W,0,4
6974,6921,6927,Q169,2017,W,1,4
9159,9240,9240,Q172,2017,LM,0,1
9159,9240,8752,Q172,2017,LM,1,1
9121,9143,9164,Q174,2017,W,1,4
9121,9143,9000,Q174,2017,W,1,4
9121,9143,9143,Q174,2017,W,0,4
8559,4900,6386,Q175,2017,W,1,4
8559,4900,4900,Q175,2017,W,0,4
8943,5195,8567,Q177,2017,W,1,4
8943,5195,5195,Q177,2017,W,0,4
9214,5466,5466,Q179,2017,LM,0,1
8966,6927,6927,Q180,2017,W,0,4
9046,8498,8498,Q182,2017,W,0,4
9083,8729,8729,Q183,2017,W,0,4
8855,9222,9222,Q184,2017,W,0,4
6955,6924,6924,Q185,2017,W,0,4
8979,5466,5466,Q186,2017,LM,0,1
6316,6517,6517,Q188,2017,S,0,6
6316,6517,6386,Q188,2017,S,1,6
8055,5466,7814,Q190,2017,LM,1,1
8055,5466,5466,Q190,2017,LM,0,1
9113,9133,7814,Q191,2017,LM,1,1
5284,9267,8512,Q192,2017,F,1,3
5284,9267,9267,Q192,2017,F,0,3
9130,6808,7814,Q193,2017,LM,1,1
9130,6808,6808,Q193,2017,LM,0,1
9163,8965,8512,Q196,2017,LM,1,1
9130,8965,6808,Q196,2017,LM,1,1
6643,7814,7814,Q197,2017,LM,0,1
8690,8502,8498,Q199,2017,W,1,4
8690,8502,8502,Q199,2017,W,0,4
8849,8752,8752,Q201,2017,F,0,3
9100,8365,8365,Q202,2017,LM,0,1
9132,8949,8498,Q203,2017,W,1,4
9132,8949,8949,Q203,2017,W,0,4
8434,6915,6915,Q205,2017,S,0,6
8434,6915,6386,Q205,2017,S,1,6
6755,8888,8888,Q207,2017,W,0,4
6724,8906,8906,Q212,2017,F,0,3
9258,9002,8652,Q215,2017,LM,1,1
8055,9251,7160,R002,2018,LM,1,1
8055,9251,9251,R002,2018,LM,0,1
9377,5466,5466,R003,2018,LM,0,1
9254,9240,9240,R004,2018,LM,0,1
9159,8652,8652,R006,2018,LM,0,1
6643,9182,9182,R007,2018,LM,0,1
9214,5466,5466,R009,2018,LM,0,1
9066,9893,9893,R010,2018,LM,0,1
9066,6808,6808,R011,2018,LM,0,1
8434,6915,6915,R012,2018,S,0,6
5284,9267,9267,R013,2018,F,0,3
6724,8906,8752,R016,2018,F,1,3
6724,8906,8906,R016,2018,F,0,3
9121,9143,9127,R017,2018,W,1,4
9121,9143,9143,R017,2018,W,0,4
8979,8652,8652,R019,2018,LM,0,1
8750,8983,8983,R021,2018,W,0,4
9258,9134,9134,R023,2018,LM,0,1
6755,8888,8888,R027,2018,W,0,4
8849,8752,8752,R028,2018,F,0,3
9046,7689,7689,R031,2018,W,0,4
9046,7689,8983,R031,2018,W,1,4
9377,5466,5466,R033,2018,LM,0,1
9377,5466,8830,R033,2018,LM,1,1
9159,8652,8652,R034,2018,LM,0,1
9159,8652,9185,R034,2018,LM,1,1
6643,9182,6648,R037,2018,LM,1,1
9214,5466,5466,R039,2018,LM,0,1
9254,9240,9151,R043,2018,LM,1,1
9474,9592,9260,R045,2018,LM,1,1
9474,9592,9089,R045,2018,LM,1,1
9066,9893,6648,R046,2018,LM,1,1
9066,9893,9893,R046,2018,LM,0,1
9121,9143,9143,R049,2018,W,0,4
9549,9133,9133,R051,2018,LM,0,1
8941,9000,6927,R052,2018,W,1,4
8941,9000,9000,R052,2018,W,0,4
9268,4943,4943,R053,2018,F,0,3
7616,9120,9681,R056,2018,W,1,4
7616,9120,9120,R056,2018,W,0,4
7616,9120,9089,R056,2018,W,1,4
9595,9626,9626,R061,2018,R,0,2
8055,9251,9954,R062,2018,LM,1,1
8055,9251,9251,R062,2018,LM,0,1
5284,9267,9267,R064,2018,F,0,3
8559,4900,4900,R069,2018,W,0,4
8434,6915,6915,R072,2018,S,0,6
9046,7689,7689,R073,2018,W,0,4
9249,9185,8978,R075,2018,LM,1,1
9249,9185,9185,R075,2018,LM,0,1
9082,9223,9223,R076,2018,R,0,2
8806,9782,9782,R077,2018,MM,0,NA
9100,6808,6808,R078,2018,LM,0,1
9562,8910,8910,R079,2018,W,0,4
8979,8652,8652,R082,2018,LM,0,1
9099,8652,9182,R080,2018,LM,1,1
9099,8652,8652,R080,2018,LM,0,1
8607,8515,8515,R081,2018,W,0,4
8607,8515,8498,R081,2018,W,1,4
6955,6924,6924,R084,2018,W,0,4
9951,8934,8819,R086,2018,ML,1,NA
8750,8983,8983,R095,2018,W,0,4
6755,8888,8888,R098,2018,W,0,4
6755,8888,9116,R098,2018,W,1,4
9159,8652,9134,R101,2018,LM,1,1
9159,8652,8652,R101,2018,LM,0,1
9377,5466,5466,R103,2018,LM,0,1
9377,5466,9151,R103,2018,LM,1,1
6643,9182,9273,R105,2018,LM,1,1
6643,9182,9182,R105,2018,LM,0,1
8398,9416,9416,R100,2018,F,0,3
9254,9240,9240,R107,2018,LM,0,1
9254,9240,8830,R107,2018,LM,1,1
8849,8752,8486,R109,2018,F,1,3
8849,8752,8752,R109,2018,F,0,3
9066,9893,9893,R113,2018,LM,0,1
9066,9893,8978,R113,2018,LM,1,1
9121,9143,9143,R114,2018,W,0,4
8941,9000,8830,R115,2018,W,1,4
8941,9000,8498,R115,2018,W,1,4
8941,9000,9000,R115,2018,W,0,4
8851,9116,8947,R116,2018,W,1,4
8851,9116,9116,R116,2018,W,0,4
9099,8652,8652,R119,2018,LM,0,1
9099,8652,9592,R119,2018,LM,1,1
9099,8652,9182,R119,2018,LM,1,1
8055,7160,9182,R121,2018,F,1,3
9549,9133,9133,R122,2018,LM,0,1
9046,7689,7689,R128,2018,W,0,4
5284,9267,4943,R130,2018,F,1,3
5284,9267,9267,R130,2018,F,0,3
9562,8910,8910,R132,2018,W,0,4
7616,9120,9120,R133,2018,W,0,4
8559,4900,6915,R135,2018,W,1,4
9571,9089,9120,R137,2018,W,1,4
8607,8515,8498,R138,2018,W,1,4
6724,8906,8906,R140,2018,F,0,3
9100,6808,6808,R141,2018,LM,0,1
9249,9185,9185,R142,2018,LM,0,1
9249,9185,8830,R142,2018,LM,1,1
9082,9626,9071,R146,2018,R,1,2
9082,9626,9626,R146,2018,R,0,2
9159,8652,8652,R150,2018,LM,0,1
9570,9222,9222,R152,2018,W,0,4
9817,4943,4943,R154,2018,F,0,3
8398,9416,9416,R155,2018,F,0,3
9951,8934,9069,R157,2018,ML,1,NA
6643,9182,9182,R160,2018,LM,0,1
6643,9182,8652,R160,2018,LM,1,1
6643,9182,9273,R160,2018,LM,1,1
6755,8888,8888,R163,2018,W,0,4
8849,8752,8752,R165,2018,F,0,3
9121,9143,9143,R168,2018,W,0,4
9066,5466,5466,R171,2018,LM,0,1
9471,9667,9667,R172,2018,W,0,4
6555,9633,9633,R175,2018,W,0,4
6555,9633,8752,R175,2018,W,1,4
9813,9176,9134,T002,2019,LM,1,1
9066,9893,6648,T004,2019,LM,1,1
9066,9893,8906,T004,2019,LM,1,1
9066,9893,9592,T004,2019,LM,1,1
9066,9893,9893,T004,2019,LM,0,1
9046,9144,9144,T009,2019,W,0,4
9871,9116,9116,T010,2019,W,0,4
9066,9893,9893,T013,2019,LM,0,1
9100,6808,6808,T017,2019,LM,0,1
9100,6808,9954,T017,2019,LM,1,1
9121,9667,9667,T018,2019,W,0,4
8607,8515,8515,T019,2019,W,0,4
8693,8906,8906,T021,2019,F,0,3
8849,9416,8486,T027,2019,F,1,3
8849,9416,9416,T027,2019,F,0,3
9214,8978,8978,T022,2019,LM,0,1
8941,9000,7710,T025,2019,W,1,4
8941,9000,9000,T025,2019,W,0,4
8941,9000,9089,T025,2019,W,1,4
10578,9459,9416,T034,2019,F,1,3
10578,9459,9459,T034,2019,F,0,3
10339,8567,8567,T039,2019,W,0,4
10339,8567,9505,T039,2019,W,1,4
9562,9633,9633,T040,2019,W,0,4
10581,9093,9093,T044,2019,W,0,4
10154,10535,10535,T046,2019,F,0,3
9099,8978,9133,T048,2019,LM,1,1
10351,9116,9116,T051,2019,W,0,4
10350,10022,10022,T056,2019,LM,0,1
9813,9134,9134,T059,2019,LM,0,1
9099,8978,8978,T060,2019,LM,0,1
9099,8978,9954,T060,2019,LM,1,1
10377,10584,9954,T061,2019,R,1,2
10377,10584,10584,T061,2019,R,0,2
9471,9667,9667,T064,2019,W,0,4
8693,8906,8906,T066,2019,F,0,3
8693,8906,9144,T066,2019,F,1,3
9121,9667,9667,T067,2019,W,0,4
9066,9893,9893,T069,2019,LM,0,1
8941,9000,9000,T075,2019,W,0,4
8941,9000,9089,T075,2019,W,1,4
9100,6808,6808,T076,2019,LM,0,1
8607,8515,8515,T084,2019,W,0,4
9871,9116,9116,T086,2019,W,0,4
10350,10022,7615,T091,2019,LM,1,1
10350,10022,10022,T091,2019,LM,0,1
10154,10535,10535,T092,2019,F,0,3
9214,8978,8978,T094,2019,LM,0,1
8849,9416,9416,T095,2019,F,0,3
10581,9093,9093,T096,2019,W,0,4
9813,9134,8978,T101,2019,LM,1,1
9813,9134,9134,T101,2019,LM,0,1
10578,9459,9459,T102,2019,F,0,3
10578,9459,9796,T102,2019,F,1,3
