"ID","Age","Year","BroodName","SocialDadID","FWPO","FEPO","FTO","F_EPP_brood","F_total_Brood_number","Number_Broods_with_Partner"
28,1,2002,"B003",4325,2,0,2,0,4,4
28,1,2002,"B037",4325,3,0,3,0,4,4
28,1,2002,"B065",4325,3,0,3,0,4,4
28,2,2003,"C022",4325,2,0,2,0,4,4
32,1,2002,"B041",104,3,2,5,1,7,1
32,2,2003,"C009",4229,3,1,4,1,7,5
32,2,2003,"C074",4229,1,0,1,0,7,5
32,2,2003,"C129",4229,4,0,4,0,7,5
32,3,2004,"D027",4229,5,0,5,0,7,5
32,3,2004,"D123",4229,4,1,5,1,7,5
32,3,2004,"D212",513,0,2,2,1,7,1
34,1,2002,"B040",4153,2,1,3,1,1,1
38,1,2002,"B024",4403,3,0,3,0,3,3
38,1,2002,"B059",4403,5,0,5,0,3,3
38,2,2003,"C027",4403,3,0,3,0,3,3
41,1,2002,"B016",11,3,0,3,0,7,2
41,1,2002,"B053",11,3,2,5,1,7,2
41,2,2003,"C043",287,0,3,3,1,7,1
41,3,2004,"D032",517,5,0,5,0,7,4
41,3,2004,"D085",517,3,1,4,1,7,4
41,3,2004,"D153",517,3,0,3,0,7,4
41,3,2004,"D186",517,1,0,1,0,7,4
45,1,2002,"B062",55,2,0,2,0,13,1
45,2,2003,"C015",166,2,0,2,0,13,12
45,2,2003,"C111",166,4,0,4,0,13,12
45,2,2003,"C125",166,5,0,5,0,13,12
45,3,2004,"D018",166,3,2,5,1,13,12
45,3,2004,"D086",166,4,0,4,0,13,12
45,3,2004,"D160",166,4,0,4,0,13,12
45,4,2005,"E048",166,5,0,5,0,13,12
45,4,2005,"E143",166,4,0,4,0,13,12
45,4,2005,"E197",166,4,0,4,0,13,12
45,5,2006,"F006",166,5,0,5,0,13,12
45,5,2006,"F077",166,4,0,4,0,13,12
45,5,2006,"F115",166,5,0,5,0,13,12
48,1,2002,"B028",46,4,0,4,0,2,2
48,1,2002,"B060",46,4,0,4,0,2,2
51,1,2002,"B026",24,2,2,4,1,2,2
51,1,2002,"B058",24,4,0,4,0,2,2
60,1,2002,"B008",4419,1,1,2,1,4,2
60,1,2002,"B036",4419,2,1,3,1,4,2
60,2,2003,"C066",24,5,0,5,0,4,2
60,2,2003,"C117",24,5,0,5,0,4,2
76,2,2003,"C006",145,2,0,2,0,6,2
76,2,2003,"C096",145,4,0,4,0,6,2
76,3,2004,"D059",287,3,3,6,1,6,4
76,3,2004,"D150",287,5,0,5,0,6,4
76,4,2005,"E041",287,5,0,5,0,6,4
76,4,2005,"E145",287,4,0,4,0,6,4
91,1,2002,"B031",4295,1,0,1,0,5,2
91,1,2002,"B057",4295,3,0,3,0,5,2
91,2,2003,"C034",115,1,0,1,0,5,2
91,2,2003,"C076",115,1,0,1,0,5,2
91,2,2003,"C115",4503,4,0,4,0,5,1
108,1,2002,"B014",4153,3,0,3,0,1,1
122,2,2003,"C048",132,1,2,3,1,8,5
122,2,2003,"C100",132,4,1,5,1,8,5
122,3,2004,"D089",132,3,0,3,0,8,5
122,3,2004,"D166",132,3,1,4,1,8,5
122,3,2004,"D208",132,2,1,3,1,8,5
122,4,2005,"E080",1448,3,1,4,1,8,3
122,4,2005,"E157",1448,4,1,5,1,8,3
122,4,2005,"E229",1448,0,3,3,1,8,3
123,1,2002,"B013",4303,4,0,4,0,4,4
123,1,2002,"B048",4303,4,0,4,0,4,4
123,1,2002,"B071",4303,3,0,3,0,4,4
123,2,2003,"C026",4303,1,2,3,1,4,4
170,1,2002,"B015",4463,3,2,5,1,2,2
170,1,2002,"B049",4463,3,0,3,0,2,2
206,1,2002,"B011",126,2,1,3,1,17,2
206,1,2002,"B038",126,3,1,4,1,17,2
206,2,2003,"C036",663,3,0,3,0,17,7
206,2,2003,"C088",663,2,3,5,1,17,7
206,2,2003,"C123",663,3,0,3,0,17,7
206,3,2004,"D002",663,1,0,1,0,17,7
206,3,2004,"D068",663,5,0,5,0,17,7
206,3,2004,"D119",663,2,0,2,0,17,7
206,3,2004,"D161",663,2,3,5,1,17,7
206,4,2005,"E012",2018,3,0,3,0,17,5
206,4,2005,"E081",2018,4,1,5,1,17,5
206,4,2005,"E156",2018,2,0,2,0,17,5
206,4,2005,"E196",2018,6,0,6,0,17,5
206,5,2006,"F010",2018,2,1,3,1,17,5
206,5,2006,"F041",2906,3,1,4,1,17,1
206,5,2006,"F091",2661,4,0,4,0,17,2
206,5,2006,"F126",2661,5,0,5,0,17,2
253,1,2003,"C008",417,2,0,2,0,3,3
253,1,2003,"C080",417,3,0,3,0,3,3
253,1,2003,"C116",417,3,0,3,0,3,3
256,1,2003,"C003",4230,3,0,3,0,9,1
256,1,2003,"C046",129,3,0,3,0,9,1
256,2,2004,"D056",132,2,2,4,1,9,2
256,2,2004,"D142",132,2,1,3,1,9,2
256,3,2005,"E077",1448,2,1,3,1,9,1
256,3,2005,"E148",650,4,1,5,1,9,4
256,4,2006,"F025",650,1,1,2,1,9,4
256,4,2006,"F058",650,3,1,4,1,9,4
256,4,2006,"F104",650,5,0,5,0,9,4
284,1,2003,"C042",4275,2,0,2,0,6,1
284,1,2003,"C085",4403,4,0,4,0,6,1
284,1,2003,"C094",4464,3,0,3,0,6,1
284,2,2004,"D031",456,2,0,2,0,6,3
284,2,2004,"D082",456,4,0,4,0,6,3
284,2,2004,"D139",456,4,0,4,0,6,3
298,1,2003,"C041",363,4,0,4,0,2,1
298,1,2003,"C101",457,4,0,4,0,2,1
309,1,2003,"C013",4326,1,0,1,0,11,4
309,1,2003,"C056",4326,2,2,4,1,11,4
309,1,2003,"C107",4326,3,2,5,1,11,4
309,2,2004,"D065",4326,4,0,4,0,11,4
309,2,2004,"D114",4422,2,1,3,1,11,3
309,2,2004,"D157",4422,4,0,4,0,11,3
309,2,2004,"D207",4422,0,3,3,1,11,3
309,3,2005,"E038",993,3,0,3,0,11,4
309,3,2005,"E126",993,3,1,4,1,11,4
309,3,2005,"E208",993,3,0,3,0,11,4
309,3,2005,"E243",993,3,0,3,0,11,4
338,2,2004,"D041",603,0,2,2,1,12,3
338,2,2004,"D084",603,0,4,4,1,12,3
338,2,2004,"D130",603,0,5,5,1,12,3
338,2,2004,"D179",466,5,0,5,0,12,7
338,3,2005,"E051",466,5,0,5,0,12,7
338,3,2005,"E100",466,5,0,5,0,12,7
338,3,2005,"E189",466,4,0,4,0,12,7
338,4,2006,"F009",466,5,0,5,0,12,7
338,4,2006,"F040",466,3,0,3,0,12,7
338,4,2006,"F093",466,3,0,3,0,12,7
338,4,2006,"F113",2906,2,0,2,0,12,1
338,5,2007,"G005",2605,3,0,3,0,12,1
342,2,2004,"D117",421,3,1,4,1,5,5
342,2,2004,"D190",421,2,0,2,0,5,5
342,3,2005,"E030",421,4,0,4,0,5,5
342,3,2005,"E125",421,5,0,5,0,5,5
342,3,2005,"E206",421,2,0,2,0,5,5
346,1,2003,"C010",4264,3,1,4,1,6,5
346,1,2003,"C059",4264,3,0,3,0,6,5
346,1,2003,"C113",4264,2,1,3,1,6,5
346,2,2004,"D057",4264,5,0,5,0,6,5
346,2,2004,"D147",4264,1,2,3,1,6,5
346,3,2005,"E047",1956,4,0,4,0,6,1
353,1,2003,"C032",422,1,0,1,0,8,2
353,1,2003,"C079",422,4,0,4,0,8,2
353,1,2003,"C130",4247,3,1,4,1,8,1
353,2,2004,"D030",725,4,0,4,0,8,5
353,2,2004,"D093",725,5,0,5,0,8,5
353,2,2004,"D173",725,4,1,5,1,8,5
353,3,2005,"E039",725,3,1,4,1,8,5
353,3,2005,"E146",725,6,0,6,0,8,5
371,1,2003,"C045",602,3,0,3,0,7,1
371,1,2003,"C081",4230,2,1,3,1,7,5
371,1,2003,"C118",4230,4,0,4,0,7,5
371,2,2004,"D008",4230,1,0,1,0,7,5
371,2,2004,"D051",4230,2,1,3,1,7,5
371,2,2004,"D133",4230,2,2,4,1,7,5
371,2,2004,"D206",456,0,2,2,1,7,1
416,1,2003,"C004",4435,2,0,2,0,10,1
416,1,2003,"C062",4418,4,0,4,0,10,9
416,1,2003,"C119",4418,2,1,3,1,10,9
416,2,2004,"D052",4418,3,1,4,1,10,9
416,2,2004,"D131",4418,2,2,4,1,10,9
416,2,2004,"D193",4418,1,3,4,1,10,9
416,3,2005,"E020",4418,4,0,4,0,10,9
416,3,2005,"E088",4418,2,1,3,1,10,9
416,3,2005,"E164",4418,2,2,4,1,10,9
416,3,2005,"E232",4418,3,1,4,1,10,9
419,1,2003,"C044",590,4,0,4,0,7,1
419,1,2003,"C084",4415,4,0,4,0,7,1
419,1,2003,"C131",4503,4,0,4,0,7,4
419,2,2004,"D020",4503,3,1,4,1,7,4
419,2,2004,"D118",4503,1,1,2,1,7,4
419,2,2004,"D204",4503,4,0,4,0,7,4
419,3,2005,"E059",765,2,1,3,1,7,1
427,1,2003,"C005",22,1,1,2,1,11,9
427,1,2003,"C061",22,6,0,6,0,11,9
427,1,2003,"C112",22,5,0,5,0,11,9
427,2,2004,"D046",22,5,0,5,0,11,9
427,2,2004,"D106",22,4,1,5,1,11,9
427,2,2004,"D183",22,3,1,4,1,11,9
427,3,2005,"E025",22,4,1,5,1,11,9
427,3,2005,"E129",22,4,1,5,1,11,9
427,3,2005,"E215",22,4,0,4,0,11,9
427,4,2006,"F039",285,3,1,4,1,11,1
427,4,2006,"F084",661,5,0,5,0,11,1
428,1,2003,"C064",370,6,0,6,0,5,1
428,1,2003,"C106",4325,3,1,4,1,5,1
428,2,2004,"D060",4421,5,0,5,0,5,3
428,2,2004,"D137",4421,5,0,5,0,5,3
428,2,2004,"D200",4421,3,0,3,0,5,3
431,1,2003,"C051",448,1,2,3,1,8,1
431,1,2003,"C102",356,2,1,3,1,8,7
431,2,2004,"D039",356,3,0,3,0,8,7
431,2,2004,"D100",356,3,0,3,0,8,7
431,2,2004,"D163",356,1,3,4,1,8,7
431,3,2005,"E036",356,2,1,3,1,8,7
431,3,2005,"E133",356,3,2,5,1,8,7
431,3,2005,"E224",356,1,0,1,0,8,7
438,1,2003,"C082",11,3,0,3,0,6,6
438,1,2003,"C128",11,1,0,1,0,6,6
438,2,2004,"D007",11,1,0,1,0,6,6
438,2,2004,"D075",11,3,1,4,1,6,6
438,2,2004,"D151",11,3,1,4,1,6,6
438,3,2005,"E027",11,5,0,5,0,6,6
442,1,2003,"C019",4304,2,0,2,0,10,3
442,1,2003,"C060",4304,4,0,4,0,10,3
442,1,2003,"C114",4304,4,0,4,0,10,3
442,2,2004,"D028",457,3,2,5,1,10,7
442,2,2004,"D083",457,4,0,4,0,10,7
442,2,2004,"D145",457,3,1,4,1,10,7
442,3,2005,"E034",457,2,0,2,0,10,7
442,3,2005,"E110",457,5,0,5,0,10,7
442,3,2005,"E162",457,4,0,4,0,10,7
442,3,2005,"E239",457,4,0,4,0,10,7
444,1,2003,"C018",354,1,0,1,0,1,1
469,1,2003,"C025",46,1,0,1,0,2,1
469,1,2003,"C122",115,4,0,4,0,2,1
471,1,2003,"C054",421,4,0,4,0,9,2
471,1,2003,"C108",421,4,0,4,0,9,2
471,1,2003,"C127",661,3,0,3,0,9,7
471,2,2004,"D005",661,1,1,2,1,9,7
471,2,2004,"D077",661,2,1,3,1,9,7
471,2,2004,"D154",661,5,0,5,0,9,7
471,3,2005,"E024",661,3,0,3,0,9,7
471,3,2005,"E092",661,4,0,4,0,9,7
471,3,2005,"E183",661,3,0,3,0,9,7
512,NA,2004,"D061",765,3,1,4,1,5,5
512,NA,2004,"D146",765,4,0,4,0,5,5
512,NA,2005,"E065",765,3,0,3,0,5,5
512,NA,2005,"E114",765,4,0,4,0,5,5
512,NA,2005,"E212",765,3,0,3,0,5,5
521,1,2004,"D017",1038,3,1,4,1,5,5
521,1,2004,"D090",1038,3,1,4,1,5,5
521,1,2004,"D189",1038,2,2,4,1,5,5
521,2,2005,"E022",1038,4,0,4,0,5,5
521,2,2005,"E089",1038,3,2,5,1,5,5
524,1,2004,"D175",110,4,0,4,0,5,1
524,2,2005,"E032",2018,4,0,4,0,5,3
524,2,2005,"E099",2018,3,1,4,1,5,3
524,2,2005,"E188",2018,1,0,1,0,5,3
524,3,2006,"F005",4153,4,0,4,0,5,1
533,1,2004,"D081",417,3,1,4,1,5,5
533,1,2004,"D155",417,3,1,4,1,5,5
533,2,2005,"E013",417,3,1,4,1,5,5
533,2,2005,"E102",417,5,0,5,0,5,5
533,2,2005,"E187",417,5,0,5,0,5,5
540,1,2004,"D044",383,3,1,4,1,5,2
540,1,2004,"D115",383,5,0,5,0,5,2
540,2,2005,"E045",1053,5,0,5,0,5,3
540,2,2005,"E147",1053,5,0,5,0,5,3
540,2,2005,"E225",1053,4,0,4,0,5,3
542,1,2004,"D105",466,4,0,4,0,5,1
542,2,2005,"E066",251,3,0,3,0,5,3
542,2,2005,"E120",251,3,0,3,0,5,3
542,2,2005,"E211",251,4,0,4,0,5,3
542,4,2007,"G060",3478,3,2,5,1,5,1
551,1,2004,"D014",251,5,0,5,0,2,2
551,1,2004,"D112",251,5,0,5,0,2,2
555,1,2004,"D021",370,4,0,4,0,1,1
556,1,2004,"D024",23,4,0,4,0,6,6
556,1,2004,"D122",23,3,3,6,1,6,6
556,1,2004,"D156",23,4,0,4,0,6,6
556,1,2004,"D195",23,2,1,3,1,6,6
556,2,2005,"E054",23,3,2,5,1,6,6
556,2,2005,"E137",23,5,0,5,0,6,6
560,1,2004,"D006",1103,4,0,4,0,4,1
560,2,2005,"E017",4230,5,0,5,0,4,3
560,2,2005,"E086",4230,3,0,3,0,4,3
560,2,2005,"E184",4230,5,0,5,0,4,3
562,1,2004,"D026",393,1,2,3,1,3,3
562,1,2004,"D088",393,1,2,3,1,3,3
562,1,2004,"D188",393,3,1,4,1,3,3
569,1,2004,"D062",1043,1,0,1,0,3,1
569,2,2005,"E083",1717,3,0,3,0,3,2
569,2,2005,"E113",1717,2,2,4,1,3,2
571,1,2004,"D038",4423,3,1,4,1,7,2
571,1,2004,"D136",4423,1,1,2,1,7,2
571,2,2005,"E070",974,3,0,3,0,7,3
571,2,2005,"E241",974,2,2,4,1,7,3
571,2,2005,"E247",974,2,1,3,1,7,3
571,3,2006,"F027",1227,4,0,4,0,7,2
571,3,2006,"F065",1227,4,0,4,0,7,2
586,1,2003,"C017",460,3,1,4,1,14,1
586,1,2003,"C078",285,4,0,4,0,14,8
586,2,2004,"D033",285,5,0,5,0,14,8
586,2,2004,"D094",285,4,0,4,0,14,8
586,2,2004,"D177",285,4,0,4,0,14,8
586,3,2005,"E031",285,4,0,4,0,14,8
586,3,2005,"E105",285,2,3,5,1,14,8
586,3,2005,"E181",285,2,0,2,0,14,8
586,3,2005,"E233",285,2,0,2,0,14,8
586,4,2006,"F087",4230,4,0,4,0,14,1
586,4,2006,"F107",2651,5,0,5,0,14,4
586,5,2007,"G029",2651,3,1,4,1,14,4
586,5,2007,"G063",2651,3,1,4,1,14,4
586,5,2007,"G094",2651,3,1,4,1,14,4
592,2,2004,"D011",418,2,0,2,0,8,8
592,2,2004,"D072",418,3,1,4,1,8,8
592,2,2004,"D127",418,2,1,3,1,8,8
592,3,2005,"E049",418,4,0,4,0,8,8
592,3,2005,"E169",418,2,0,2,0,8,8
592,4,2006,"F018",418,3,0,3,0,8,8
592,4,2006,"F081",418,3,0,3,0,8,8
592,4,2006,"F122",418,3,1,4,1,8,8
595,1,2003,"C012",4422,1,0,1,0,3,1
595,1,2003,"C050",356,4,0,4,0,3,1
595,1,2003,"C105",725,3,1,4,1,3,1
601,1,2003,"C023",4153,1,1,2,1,3,1
601,1,2003,"C083",645,3,0,3,0,3,2
601,1,2003,"C120",645,1,0,1,0,3,2
604,1,2003,"C058",456,3,0,3,0,9,1
604,1,2003,"C104",4463,5,0,5,0,9,1
604,2,2004,"D064",4304,2,0,2,0,9,7
604,2,2004,"D124",4304,5,0,5,0,9,7
604,3,2005,"E005",4304,1,1,2,1,9,7
604,3,2005,"E021",4304,5,0,5,0,9,7
604,3,2005,"E091",4304,5,0,5,0,9,7
604,3,2005,"E171",4304,4,1,5,1,9,7
604,3,2005,"E240",4304,4,1,5,1,9,7
605,1,2003,"C065",44,1,0,1,0,8,1
605,1,2003,"C097",178,5,0,5,0,8,1
605,2,2004,"D025",4423,3,0,3,0,8,3
605,2,2004,"D121",4423,2,2,4,1,8,3
605,2,2004,"D165",4423,1,3,4,1,8,3
605,3,2005,"E057",1227,5,0,5,0,8,3
605,3,2005,"E144",1227,1,0,1,0,8,3
605,3,2005,"E182",1227,4,1,5,1,8,3
615,1,2003,"C052",4463,3,1,4,1,2,1
615,1,2003,"C095",287,4,1,5,1,2,1
622,3,2005,"E123",1954,3,0,3,0,4,3
622,3,2005,"E244",1954,1,0,1,0,4,3
622,4,2006,"F060",1954,1,1,2,1,4,3
622,4,2006,"F101",2187,1,1,2,1,4,1
646,1,2003,"C053",4413,4,0,4,0,8,3
646,1,2003,"C089",4413,4,0,4,0,8,3
646,1,2003,"C132",4413,3,2,5,1,8,3
646,2,2004,"D087",500,5,0,5,0,8,3
646,2,2004,"D168",500,5,0,5,0,8,3
646,3,2005,"E046",500,3,2,5,1,8,3
646,3,2005,"E151",1226,4,0,4,0,8,1
646,3,2005,"E205",500,2,2,4,1,8,1
649,1,2003,"C028",626,2,0,2,0,10,3
649,1,2003,"C086",626,3,0,3,0,10,3
649,1,2003,"C126",626,4,0,4,0,10,3
649,2,2004,"D029",460,2,1,3,1,10,7
649,2,2004,"D078",460,4,0,4,0,10,7
649,2,2004,"D158",460,2,1,3,1,10,7
649,3,2005,"E019",460,2,0,2,0,10,7
649,3,2005,"E085",460,4,0,4,0,10,7
649,3,2005,"E155",460,4,0,4,0,10,7
649,3,2005,"E222",460,4,0,4,0,10,7
670,1,2003,"C007",4274,1,0,1,0,2,2
670,1,2003,"C063",4274,3,0,3,0,2,2
704,1,2003,"C035",4503,2,0,2,0,7,3
704,1,2003,"C049",4503,2,0,2,0,7,3
704,1,2003,"C103",4503,3,0,3,0,7,3
704,2,2004,"D048",504,5,0,5,0,7,2
704,2,2004,"D101",504,3,0,3,0,7,2
704,2,2004,"D180",115,4,0,4,0,7,1
704,3,2005,"E121",1438,3,0,3,0,7,1
723,2,2003,"C039",44,4,0,4,0,3,2
723,2,2003,"C109",44,4,0,4,0,3,2
723,3,2004,"D047",24,3,1,4,1,3,1
750,2,2005,"E202",1898,4,0,4,0,2,1
750,4,2007,"G050",3496,4,0,4,0,2,1
753,1,2004,"D095",822,4,0,4,0,2,2
753,1,2004,"D172",822,3,1,4,1,2,2
784,1,2004,"D126",499,2,0,2,0,8,2
784,1,2004,"D171",499,4,0,4,0,8,2
784,2,2005,"E060",1095,3,1,4,1,8,4
784,2,2005,"E112",1095,5,0,5,0,8,4
784,2,2005,"E179",1095,2,0,2,0,8,4
784,2,2005,"E223",1095,2,1,3,1,8,4
784,3,2006,"F061",417,3,0,3,0,8,2
784,3,2006,"F108",417,5,0,5,0,8,2
819,1,2004,"D043",602,2,0,2,0,6,5
819,1,2004,"D097",602,3,0,3,0,6,5
819,1,2004,"D144",602,3,0,3,0,6,5
819,2,2005,"E035",602,5,0,5,0,6,5
819,2,2005,"E130",602,5,0,5,0,6,5
819,2,2005,"E172",11,2,1,3,1,6,1
832,1,2004,"D109",1099,3,0,3,0,4,1
832,2,2005,"E063",1464,1,0,1,0,4,3
832,2,2005,"E104",1464,5,0,5,0,4,3
832,2,2005,"E199",1464,2,1,3,1,4,3
843,1,2004,"D104",1053,3,0,3,0,5,1
843,1,2004,"D191",370,4,0,4,0,5,1
843,2,2005,"E227",1343,4,0,4,0,5,1
843,3,2006,"F078",2904,3,0,3,0,5,2
843,3,2006,"F114",2904,4,0,4,0,5,2
857,1,2004,"D063",4247,2,1,3,1,8,3
857,1,2004,"D138",4247,4,0,4,0,8,3
857,1,2004,"D210",4247,2,0,2,0,8,3
857,2,2005,"E072",1569,3,2,5,1,8,5
857,2,2005,"E131",1569,3,2,5,1,8,5
857,2,2005,"E216",1569,1,2,3,1,8,5
857,3,2006,"F075",1569,2,1,3,1,8,5
857,3,2006,"F120",1569,4,0,4,0,8,5
860,1,2004,"D107",114,3,0,3,0,10,5
860,1,2004,"D184",114,2,1,3,1,10,5
860,2,2005,"E078",114,3,1,4,1,10,5
860,2,2005,"E160",114,3,1,4,1,10,5
860,2,2005,"E204",114,1,3,4,1,10,5
860,3,2006,"F079",2246,2,2,4,1,10,1
860,3,2006,"F123",114,4,0,4,0,10,1
860,4,2007,"G020",2693,0,4,4,1,10,3
860,4,2007,"G056",2693,0,1,1,1,10,3
860,4,2007,"G079",2693,3,1,4,1,10,3
885,1,2004,"D066",984,1,3,4,1,1,1
892,1,2004,"D037",4435,3,1,4,1,12,12
892,1,2004,"D102",4435,3,1,4,1,12,12
892,1,2004,"D169",4435,3,1,4,1,12,12
892,2,2005,"E006",4435,2,1,3,1,12,12
892,2,2005,"E053",4435,4,0,4,0,12,12
892,2,2005,"E116",4435,5,0,5,0,12,12
892,2,2005,"E198",4435,3,1,4,1,12,12
892,2,2005,"E236",4435,2,1,3,1,12,12
892,3,2006,"F012",4435,4,0,4,0,12,12
892,3,2006,"F052",4435,4,0,4,0,12,12
892,3,2006,"F094",4435,5,0,5,0,12,12
892,3,2006,"F130",4435,5,0,5,0,12,12
903,1,2004,"D042",354,3,2,5,1,6,6
903,1,2004,"D108",354,3,0,3,0,6,6
903,1,2004,"D176",354,4,0,4,0,6,6
903,2,2005,"E037",354,3,0,3,0,6,6
903,2,2005,"E135",354,4,0,4,0,6,6
903,2,2005,"E193",354,5,0,5,0,6,6
912,1,2004,"D132",959,2,0,2,0,1,1
913,1,2004,"D096",818,4,0,4,0,5,5
913,1,2004,"D143",818,4,0,4,0,5,5
913,2,2005,"E090",818,1,0,1,0,5,5
913,2,2005,"E139",818,5,0,5,0,5,5
913,2,2005,"E220",818,3,0,3,0,5,5
917,1,2004,"D182",4463,0,2,2,1,4,4
917,2,2005,"E026",4463,0,3,3,1,4,4
917,2,2005,"E136",4463,1,2,3,1,4,4
917,2,2005,"E174",4463,2,1,3,1,4,4
927,1,2004,"D058",466,2,2,4,1,10,1
927,2,2005,"E067",1717,3,0,3,0,10,2
927,2,2005,"E152",1717,5,0,5,0,10,2
927,3,2006,"F067",494,5,0,5,0,10,2
927,3,2006,"F118",494,1,1,2,1,10,2
927,4,2007,"G017",2202,4,1,5,1,10,3
927,5,2008,"H010",2202,5,0,5,0,10,3
927,5,2008,"H024",2202,5,0,5,0,10,3
927,6,2009,"I026",3445,1,3,4,1,10,2
927,6,2009,"I051",3445,1,2,3,1,10,2
928,1,2004,"D034",513,3,2,5,1,2,2
928,1,2004,"D098",513,3,1,4,1,2,2
929,1,2004,"D049",46,5,0,5,0,8,2
929,1,2004,"D116",46,4,0,4,0,8,2
929,2,2005,"E075",115,6,0,6,0,8,1
929,2,2005,"E122",500,4,1,5,1,8,1
929,3,2006,"F097",984,4,0,4,0,8,1
929,4,2007,"G041",2202,5,0,5,0,8,3
929,4,2007,"G086",2202,2,0,2,0,8,3
929,4,2007,"G093",2202,0,2,2,1,8,3
955,1,2004,"D053",591,2,2,4,1,3,3
955,1,2004,"D140",591,5,0,5,0,3,3
955,1,2004,"D215",591,3,0,3,0,3,3
960,1,2004,"D050",650,4,0,4,0,5,5
960,1,2004,"D103",650,2,0,2,0,5,5
960,1,2004,"D141",650,4,0,4,0,5,5
960,1,2004,"D214",650,3,0,3,0,5,5
960,2,2005,"E043",650,5,0,5,0,5,5
963,1,2004,"D170",1053,1,0,1,0,6,2
963,1,2004,"D201",1053,4,0,4,0,6,2
963,2,2005,"E061",505,4,0,4,0,6,3
963,2,2005,"E231",505,2,1,3,1,6,3
963,2,2005,"E245",505,3,0,3,0,6,3
963,3,2006,"F127",4395,1,0,1,0,6,1
980,1,2004,"D113",971,1,3,4,1,5,1
980,2,2005,"E117",4421,2,0,2,0,5,3
980,2,2005,"E168",4421,4,0,4,0,5,3
980,2,2005,"E221",4421,3,0,3,0,5,3
980,3,2006,"F098",23,3,1,4,1,5,1
985,1,2004,"D036",409,0,1,1,1,8,4
985,1,2004,"D091",409,4,0,4,0,8,4
985,1,2004,"D149",409,3,1,4,1,8,4
985,1,2004,"D199",409,3,0,3,0,8,4
985,2,2005,"E001",818,1,0,1,0,8,1
985,2,2005,"E040",409,4,1,5,1,8,2
985,2,2005,"E111",409,2,1,3,1,8,2
985,2,2005,"E200",602,4,0,4,0,8,1
988,1,2004,"D040",145,2,2,4,1,10,9
988,1,2004,"D129",145,0,4,4,1,10,9
988,1,2004,"D164",145,4,0,4,0,10,9
988,1,2004,"D209",145,2,1,3,1,10,9
988,2,2005,"E003",145,3,1,4,1,10,9
988,2,2005,"E042",145,4,1,5,1,10,9
988,2,2005,"E128",145,2,2,4,1,10,9
988,2,2005,"E167",145,3,1,4,1,10,9
988,2,2005,"E238",145,2,1,3,1,10,9
988,3,2006,"F089",2970,5,0,5,0,10,1
1047,2,2005,"E064",1226,4,0,4,0,3,2
1047,2,2005,"E217",1226,1,0,1,0,3,2
1047,3,2006,"F066",500,2,0,2,0,3,1
1048,1,2004,"D019",902,3,1,4,1,5,1
1048,1,2004,"D023",500,4,1,5,1,5,1
1048,1,2004,"D110",902,2,0,2,0,5,1
1048,2,2005,"E084",591,0,2,2,1,5,2
1048,2,2005,"E177",591,2,0,2,0,5,2
1054,1,2004,"D073",823,4,0,4,0,3,2
1054,2,2005,"E055",823,4,0,4,0,3,2
1054,3,2006,"F059",3052,3,1,4,1,3,1
1062,1,2004,"D194",957,0,2,2,1,1,1
1063,1,2004,"D092",363,3,1,4,1,2,1
1063,1,2004,"D162",537,4,0,4,0,2,1
1069,1,2004,"D045",115,4,1,5,1,6,2
1069,1,2004,"D099",115,4,1,5,1,6,2
1069,2,2005,"E002",1935,4,0,4,0,6,4
1069,2,2005,"E062",1935,5,0,5,0,6,4
1069,2,2005,"E153",1935,3,0,3,0,6,4
1069,2,2005,"E235",1935,3,0,3,0,6,4
1074,1,2004,"D054",4422,2,1,3,1,3,3
1074,1,2004,"D135",4422,1,2,3,1,3,3
1074,1,2004,"D181",4422,2,2,4,1,3,3
1083,1,2004,"D016",1095,1,1,2,1,2,2
1083,1,2004,"D202",1095,3,0,3,0,2,2
1100,2,2004,"D035",831,3,1,4,1,10,3
1100,2,2004,"D134",831,1,0,1,0,10,3
1100,2,2004,"D167",831,2,2,4,1,10,3
1100,3,2005,"E068",959,5,0,5,0,10,5
1100,3,2005,"E108",959,4,0,4,0,10,5
1100,3,2005,"E190",959,4,0,4,0,10,5
1100,4,2006,"F070",959,2,2,4,1,10,5
1100,4,2006,"F111",959,0,3,3,1,10,5
1100,5,2007,"G046",3460,1,2,3,1,10,2
1100,5,2007,"G076",3460,3,1,4,1,10,2
1228,1,2005,"E071",115,1,2,3,1,3,3
1228,1,2005,"E109",115,2,0,2,0,3,3
1228,1,2005,"E163",115,3,1,4,1,3,3
1318,1,2005,"E058",1210,0,4,4,1,3,2
1318,1,2005,"E149",1210,0,3,3,1,3,2
1318,1,2005,"E218",23,2,0,2,0,3,1
1364,1,2005,"E119",504,3,1,4,1,2,2
1364,1,2005,"E213",504,2,0,2,0,2,2
1386,1,2005,"E082",591,4,0,4,0,3,2
1386,1,2005,"E161",591,3,2,5,1,3,2
1386,1,2005,"E203",287,2,1,3,1,3,1
1446,1,2005,"E056",4423,1,2,3,1,2,2
1446,1,2005,"E142",4423,2,0,2,0,2,2
1507,1,2005,"E087",1500,3,1,4,1,1,1
1514,1,2005,"E106",1929,1,2,3,1,2,2
1514,1,2005,"E201",1929,0,2,2,1,2,2
1544,1,2005,"E079",504,4,0,4,0,1,1
1558,1,2005,"E095",902,3,1,4,1,2,2
1558,1,2005,"E180",902,2,2,4,1,2,2
1589,1,2005,"E050",393,5,0,5,0,4,4
1589,1,2005,"E103",393,4,0,4,0,4,4
1589,1,2005,"E159",393,4,0,4,0,4,4
1589,1,2005,"E228",393,2,0,2,0,4,4
1598,2,2006,"F124",2833,3,1,4,1,1,1
1599,1,2005,"E165",4390,3,0,3,0,1,1
1718,1,2005,"E015",1738,2,1,3,1,3,2
1718,1,2005,"E093",1738,3,2,5,1,3,2
1718,1,2005,"E185",1038,4,1,5,1,3,1
1739,1,2005,"E074",46,3,1,4,1,3,3
1739,1,2005,"E118",46,2,0,2,0,3,3
1739,1,2005,"E214",46,3,0,3,0,3,3
1827,1,2005,"E069",1353,4,1,5,1,5,4
1827,1,2005,"E150",1353,4,1,5,1,5,4
1827,1,2005,"E191",1353,3,0,3,0,5,4
1827,2,2006,"F029",1353,4,0,4,0,5,4
1827,2,2006,"F064",2202,5,0,5,0,5,1
1907,1,2005,"E073",504,2,2,4,1,3,3
1907,1,2005,"E124",504,2,1,3,1,3,3
1907,1,2005,"E195",504,1,1,2,1,3,3
1940,1,2005,"E107",1970,2,0,2,0,3,2
1940,1,2005,"E158",1970,3,2,5,1,3,2
1940,2,2006,"F007",1210,0,2,2,1,3,1
2004,2,2005,"E076",823,1,3,4,1,10,7
2004,2,2005,"E115",823,2,1,3,1,10,7
2004,2,2005,"E192",823,4,0,4,0,10,7
2004,3,2006,"F023",823,3,1,4,1,10,7
2004,3,2006,"F055",823,4,0,4,0,10,7
2004,3,2006,"F096",823,4,0,4,0,10,7
2004,3,2006,"F128",823,3,0,3,0,10,7
2004,4,2007,"G023",417,1,0,1,0,10,3
2004,4,2007,"G042",417,2,0,2,0,10,3
2004,4,2007,"G072",417,3,0,3,0,10,3
2007,2,2005,"E094",2012,4,0,4,0,3,2
2007,2,2005,"E178",2012,3,0,3,0,3,2
2007,3,2006,"F038",2352,2,1,3,1,3,1
2014,2,2005,"E127",1906,5,0,5,0,2,1
2014,2,2005,"E207",356,4,0,4,0,2,1
2166,2,2007,"G045",3460,0,4,4,1,2,2
2166,2,2007,"G084",3460,1,2,3,1,2,2
2167,1,2006,"F090",2944,2,1,3,1,1,1
2349,1,2006,"F014",1448,4,0,4,0,1,1
2360,1,2006,"F082",2968,0,3,3,1,1,1
2405,1,2006,"F074",1464,1,3,4,1,2,2
2405,1,2006,"F117",1464,3,1,4,1,2,2
2408,1,2006,"F073",2053,0,1,1,1,1,1
2489,1,2006,"F102",2527,2,2,4,1,3,1
2489,2,2007,"G036",2605,3,0,3,0,3,2
2489,2,2007,"G070",2605,3,0,3,0,3,2
2492,2,2007,"G028",2944,3,1,4,1,2,2
2492,2,2007,"G061",2944,2,2,4,1,2,2
2584,1,2006,"F068",2173,4,0,4,0,1,1
2658,1,2006,"F062",2053,2,1,3,1,2,2
2658,1,2006,"F112",2053,2,2,4,1,2,2
2691,1,2006,"F054",23,2,2,4,1,2,2
2691,1,2006,"F106",23,4,0,4,0,2,2
2725,1,2006,"F045",457,2,0,2,0,2,2
2725,1,2006,"F085",457,4,0,4,0,2,2
2840,1,2006,"F095",46,3,0,3,0,2,2
2840,2,2007,"G085",46,1,4,5,1,2,2
2865,1,2006,"F046",1697,4,1,5,1,3,2
2865,1,2006,"F088",1697,3,2,5,1,3,2
2865,1,2006,"F109",1954,2,2,4,1,3,1
2966,1,2006,"F049",2605,2,1,3,1,1,1
3050,1,2006,"F028",2187,3,0,3,0,8,1
3050,2,2007,"G021",2768,4,0,4,0,8,2
3050,2,2007,"G062",2768,4,0,4,0,8,2
3050,3,2008,"H003",3496,4,0,4,0,8,5
3050,3,2008,"H017",3496,5,0,5,0,8,5
3050,3,2008,"H027",3496,4,0,4,0,8,5
3050,4,2009,"I010",3496,3,0,3,0,8,5
3050,4,2009,"I052",3496,3,0,3,0,8,5
3051,NA,2006,"F132",2906,3,0,3,0,1,1
3288,1,2007,"G047",3445,0,4,4,1,1,1
3302,1,2007,"G026",417,2,1,3,1,16,2
3302,1,2007,"G055",417,5,0,5,0,16,2
3302,1,2007,"G095",2768,4,0,4,0,16,1
3302,2,2008,"H001",3359,0,2,2,1,16,1
3302,2,2008,"H013",2651,5,0,5,0,16,2
3302,2,2008,"H020",2651,1,1,2,1,16,2
3302,2,2008,"H026",3359,4,0,4,0,16,10
3302,3,2009,"I016",3359,2,3,5,1,16,10
3302,3,2009,"I039",3359,3,1,4,1,16,10
3302,3,2009,"I057",3359,2,2,4,1,16,10
3302,4,2010,"J001",3359,4,0,4,0,16,10
3302,4,2010,"J024",3359,3,0,3,0,16,10
3302,4,2010,"J056",3359,2,1,3,1,16,10
3302,5,2011,"K008",3359,2,0,2,0,16,10
3302,5,2011,"K050",3359,4,0,4,0,16,10
3302,5,2011,"K104",3359,2,2,4,1,16,10
3340,1,2007,"G031",4304,3,0,3,0,3,3
3340,1,2007,"G068",4304,3,0,3,0,3,3
3340,1,2007,"G097",4304,4,0,4,0,3,3
3341,NA,2007,"G088",3496,1,1,2,1,1,1
3350,1,2007,"G037",3430,5,0,5,0,2,2
3350,1,2007,"G071",3430,2,1,3,1,2,2
3351,1,2007,"G034",2944,4,0,4,0,1,1
3395,1,2007,"G016",2173,3,0,3,0,8,3
3395,1,2007,"G054",2173,2,2,4,1,8,3
3395,1,2007,"G082",2173,5,0,5,0,8,3
3395,4,2010,"J012",4072,4,0,4,0,8,3
3395,4,2010,"J027",4072,1,3,4,1,8,3
3395,4,2010,"J043",4072,5,0,5,0,8,3
3395,4,2010,"J053",3496,3,0,3,0,8,1
3395,4,2010,"J067",4072,3,0,3,0,8,1
3404,1,2007,"G030",1697,0,3,3,1,3,3
3404,1,2007,"G053",1697,5,0,5,0,3,3
3404,1,2007,"G089",1697,1,0,1,0,3,3
3427,2,2007,"G044",2453,3,1,4,1,2,2
3427,2,2007,"G081",2453,5,0,5,0,2,2
3429,2,2007,"G052",3359,5,0,5,0,1,1
3475,1,2007,"G051",3450,4,1,5,1,2,2
3475,1,2007,"G083",3450,3,2,5,1,2,2
3507,1,2007,"G040",3442,5,0,5,0,2,2
3507,1,2007,"G080",3442,2,3,5,1,2,2
3515,1,2007,"G078",661,2,0,2,0,2,2
3515,1,2007,"G098",661,4,0,4,0,2,2
3516,1,2007,"G057",2453,4,1,5,1,2,2
3516,1,2007,"G087",2453,3,1,4,1,2,2
3536,1,2007,"G033",2542,2,0,2,0,3,3
3536,1,2007,"G067",2542,4,0,4,0,3,3
3536,1,2007,"G096",2542,4,0,4,0,3,3
3555,2,2007,"G074",3370,2,0,2,0,1,1
3648,1,2008,"H009",3766,3,0,3,0,2,1
3648,1,2008,"H019",3450,5,0,5,0,2,1
3760,1,2008,"H012",2605,5,0,5,0,2,2
3760,1,2008,"H022",2605,4,0,4,0,2,2
3831,1,2008,"H015",3359,2,0,2,0,1,1
4013,1,2009,"I018",4087,4,0,4,0,2,2
4013,1,2009,"I046",4087,3,0,3,0,2,2
4028,1,2009,"I017",3764,2,2,4,1,2,2
4028,1,2009,"I045",3764,3,0,3,0,2,2
4034,1,2009,"I042",4070,3,1,4,1,2,1
4034,1,2009,"I060",3684,2,0,2,0,2,1
4037,1,2009,"I023",3442,4,0,4,0,4,2
4037,1,2009,"I048",3442,3,0,3,0,4,2
4037,2,2010,"J026",4753,4,0,4,0,4,2
4037,2,2010,"J050",4753,1,2,3,1,4,2
4049,1,2009,"I033",4029,2,2,4,1,6,2
4049,1,2009,"I054",4029,1,1,2,1,6,2
4049,2,2010,"J025",4039,2,1,3,1,6,1
4049,2,2010,"J051",4722,4,0,4,0,6,1
4049,3,2011,"K017",4753,2,2,4,1,6,2
4049,3,2011,"K126",4753,1,3,4,1,6,2
4053,1,2009,"I035",4060,2,2,4,1,1,1
4059,1,2009,"I014",3450,1,1,2,1,17,7
4059,1,2009,"I029",3450,2,3,5,1,17,7
4059,1,2009,"I043",3450,4,0,4,0,17,7
4059,1,2009,"I062",3450,2,1,3,1,17,7
4059,2,2010,"J031",3450,4,0,4,0,17,7
4059,2,2010,"J048",3450,1,0,1,0,17,7
4059,2,2010,"J064",3450,1,1,2,1,17,7
4059,3,2011,"K097",4109,0,1,1,1,17,1
4059,4,2012,"L015",4768,1,4,5,1,17,9
4059,4,2012,"L057",4768,3,0,3,0,17,9
4059,4,2012,"L081",4768,4,0,4,0,17,9
4059,5,2013,"M073",4768,3,1,4,1,17,9
4059,5,2013,"M152",4768,2,1,3,1,17,9
4059,6,2014,"N019",4768,1,0,1,0,17,9
4059,6,2014,"N083",4768,3,0,3,0,17,9
4059,6,2014,"N160",4768,4,0,4,0,17,9
4059,6,2014,"N237",4768,1,0,1,0,17,9
4062,2,2009,"I004",3717,5,0,5,0,6,5
4062,2,2009,"I022",3717,4,0,4,0,6,5
4062,2,2009,"I050",3717,4,0,4,0,6,5
4062,3,2010,"J033",3717,2,3,5,1,6,5
4062,3,2010,"J057",3717,3,0,3,0,6,5
4062,4,2011,"K012",4895,4,0,4,0,6,1
4068,1,2009,"I025",4039,3,0,3,0,1,1
4069,1,2009,"I006",3684,1,2,3,1,4,1
4069,1,2009,"I024",4070,1,0,1,0,4,1
4069,1,2009,"I040",3285,4,0,4,0,4,2
4069,1,2009,"I061",3285,1,1,2,1,4,2
4078,1,2009,"I020",4117,4,0,4,0,5,2
4078,1,2009,"I047",4117,3,0,3,0,5,2
4078,2,2010,"J015",4071,4,1,5,1,5,3
4078,2,2010,"J040",4071,5,0,5,0,5,3
4078,2,2010,"J058",4071,3,0,3,0,5,3
4084,1,2009,"I007",2605,1,0,1,0,12,3
4084,1,2009,"I036",2605,2,0,2,0,12,3
4084,1,2009,"I058",2605,1,0,1,0,12,3
4084,2,2010,"J013",4757,2,1,3,1,12,6
4084,2,2010,"J037",4757,1,2,3,1,12,6
4084,2,2010,"J046",4757,2,2,4,1,12,6
4084,3,2011,"K003",4757,1,3,4,1,12,6
4084,3,2011,"K061",4757,2,1,3,1,12,6
4084,3,2011,"K118",4757,1,2,3,1,12,6
4084,4,2012,"L003",4900,2,2,4,1,12,3
4084,4,2012,"L036",4900,3,2,5,1,12,3
4084,4,2012,"L076",4900,2,2,4,1,12,3
4085,1,2009,"I053",4072,0,2,2,1,1,1
4086,1,2009,"I019",3684,3,0,3,0,1,1
4110,1,2009,"I015",3370,2,2,4,1,8,5
4110,1,2009,"I041",3370,3,1,4,1,8,5
4110,2,2010,"J011",3370,0,2,2,1,8,5
4110,2,2010,"J023",3370,2,1,3,1,8,5
4110,2,2010,"J062",3370,0,1,1,1,8,5
4110,3,2011,"K031",4722,4,0,4,0,8,3
4110,3,2011,"K071",4722,3,2,5,1,8,3
4110,3,2011,"K132",4722,1,1,2,1,8,3
4134,NA,2001,"A024",4295,3,0,3,0,2,2
4134,NA,2001,"A045",4295,4,0,4,0,2,2
4137,NA,2001,"A032",4435,3,1,4,1,1,1
4157,NA,2001,"A028",4483,3,1,4,1,1,1
4168,NA,2002,"B023",4274,3,0,3,0,2,2
4168,NA,2002,"B055",4274,5,0,5,0,2,2
4177,NA,2001,"A013",4153,4,0,4,0,4,2
4177,NA,2001,"A039",4153,5,0,5,0,4,2
4177,NA,2002,"B045",4304,2,2,4,1,4,2
4177,NA,2002,"B074",4304,4,0,4,0,4,2
4178,NA,2001,"A015",4265,4,0,4,0,4,3
4178,NA,2001,"A053",4265,3,0,3,0,4,3
4178,NA,2001,"A055",4265,2,1,3,1,4,3
4178,NA,2002,"B029",110,5,0,5,0,4,1
4213,NA,2002,"B047",16,4,1,5,1,4,1
4213,NA,2003,"C016",46,2,1,3,1,4,1
4213,NA,2003,"C024",104,3,0,3,0,4,2
4213,NA,2003,"C033",104,1,0,1,0,4,2
4217,NA,2001,"A029",4326,4,0,4,0,5,2
4217,NA,2002,"B039",4326,4,0,4,0,5,2
4217,NA,2003,"C040",4435,4,0,4,0,5,3
4217,NA,2003,"C093",4435,5,0,5,0,5,3
4217,NA,2003,"C134",4435,3,0,3,0,5,3
4246,NA,2001,"A021",4406,4,0,4,0,4,2
4246,NA,2001,"A044",4406,5,0,5,0,4,2
4246,NA,2002,"B006",115,1,0,1,0,4,1
4246,NA,2002,"B089",4415,1,3,4,1,4,1
4255,NA,2001,"A025",4419,6,1,7,1,2,1
4255,NA,2001,"A052",4439,3,0,3,0,2,1
4273,NA,2003,"C090",4153,3,2,5,1,9,9
4273,NA,2003,"C124",4153,5,0,5,0,9,9
4273,NA,2004,"D015",4153,3,2,5,1,9,9
4273,NA,2004,"D079",4153,3,0,3,0,9,9
4273,NA,2004,"D159",4153,3,3,6,1,9,9
4273,NA,2004,"D197",4153,3,1,4,1,9,9
4273,NA,2005,"E044",4153,2,3,5,1,9,9
4273,NA,2005,"E138",4153,6,0,6,0,9,9
4273,NA,2005,"E210",4153,2,2,4,1,9,9
4277,NA,2001,"A023",4247,3,0,3,0,4,1
4277,NA,2001,"A051",4402,1,2,3,1,4,1
4277,NA,2002,"B002",4247,3,0,3,0,4,2
4277,NA,2002,"B050",4247,4,0,4,0,4,2
4290,NA,2001,"A008",4412,4,1,5,1,14,2
4290,NA,2001,"A035",4412,3,0,3,0,14,2
4290,NA,2002,"B025",4275,4,1,5,1,14,12
4290,NA,2002,"B054",4275,5,0,5,0,14,12
4290,NA,2002,"B073",4275,4,0,4,0,14,12
4290,NA,2003,"C037",4275,3,0,3,0,14,12
4290,NA,2003,"C087",4275,2,2,4,1,14,12
4290,NA,2003,"C133",4275,4,0,4,0,14,12
4290,NA,2004,"D004",4275,1,1,2,1,14,12
4290,NA,2004,"D076",4275,2,2,4,1,14,12
4290,NA,2004,"D148",4275,4,0,4,0,14,12
4290,NA,2005,"E033",4275,3,1,4,1,14,12
4290,NA,2005,"E134",4275,4,0,4,0,14,12
4290,NA,2005,"E219",4275,3,1,4,1,14,12
4291,NA,2001,"A020",4158,4,0,4,0,4,1
4291,NA,2001,"A047",4264,0,2,2,1,4,1
4291,NA,2002,"B010",4417,2,1,3,1,4,2
4291,NA,2002,"B052",4417,4,1,5,1,4,2
4333,NA,2001,"A019",4274,4,0,4,0,4,2
4333,NA,2001,"A056",4274,2,0,2,0,4,2
4333,NA,2002,"B020",129,5,0,5,0,4,2
4333,NA,2002,"B044",129,4,0,4,0,4,2
4376,NA,2002,"B032",4478,4,0,4,0,7,2
4376,NA,2002,"B063",4478,2,0,2,0,7,2
4376,NA,2003,"C001",383,1,0,1,0,7,1
4376,NA,2003,"C067",4247,3,0,3,0,7,1
4376,NA,2003,"C092",383,5,0,5,0,7,3
4376,NA,2004,"D022",383,3,1,4,1,7,3
4376,NA,2004,"D080",383,3,1,4,1,7,3
4377,NA,2002,"B067",4428,0,3,3,1,1,1
4380,2,2006,"F051",1210,0,4,4,1,10,1
4380,2,2006,"F099",4378,3,0,3,0,10,1
4380,3,2007,"G003",3285,3,1,4,1,10,7
4380,3,2007,"G039",3285,4,1,5,1,10,7
4380,3,2007,"G092",3285,2,0,2,0,10,7
4380,4,2008,"H002",3285,4,0,4,0,10,7
4380,4,2008,"H014",3285,4,1,5,1,10,7
4380,4,2008,"H023",3285,2,2,4,1,10,7
4380,5,2009,"I002",3285,2,0,2,0,10,7
4380,6,2010,"J049",3684,2,1,3,1,10,1
4382,2,2003,"C098",114,3,0,3,0,4,1
4382,3,2004,"D071",984,3,0,3,0,4,1
4382,3,2004,"D120",1095,3,0,3,0,4,1
4382,4,2005,"E230",494,1,0,1,0,4,1
4391,2,2005,"E052",4265,3,2,5,1,4,4
4391,2,2005,"E132",4265,5,0,5,0,4,4
4391,2,2005,"E209",4265,4,1,5,1,4,4
4391,2,2005,"E242",4265,2,3,5,1,4,4
4392,2,2005,"E194",505,4,1,5,1,1,1
4405,NA,2001,"A030",4463,3,0,3,0,1,1
4408,NA,2001,"A017",4417,3,0,3,0,1,1
4420,NA,2002,"B012",114,3,0,3,0,2,2
4420,NA,2002,"B056",114,4,0,4,0,2,2
4424,2,2003,"C030",4417,0,2,2,1,9,1
4424,2,2003,"C091",590,2,1,3,1,9,5
4424,3,2004,"D003",590,2,0,2,0,9,5
4424,3,2004,"D074",590,3,1,4,1,9,5
4424,3,2004,"D128",590,3,1,4,1,9,5
4424,3,2004,"D198",590,3,0,3,0,9,5
4424,4,2005,"E018",4230,1,2,3,1,9,1
4424,4,2005,"E101",537,2,3,5,1,9,2
4424,4,2005,"E186",537,3,2,5,1,9,2
4425,NA,2005,"E098",962,3,0,3,0,7,4
4425,NA,2005,"E170",962,3,0,3,0,7,4
4425,NA,2006,"F044",962,4,0,4,0,7,4
4425,NA,2006,"F103",962,1,0,1,0,7,4
4425,NA,2007,"G013",1697,3,0,3,0,7,3
4425,NA,2007,"G038",1697,3,0,3,0,7,3
4425,NA,2007,"G075",1697,4,1,5,1,7,3
4434,NA,2001,"A016",4229,4,0,4,0,3,2
4434,NA,2001,"A043",4229,5,0,5,0,3,2
4434,NA,2002,"B030",4415,1,1,2,1,3,1
4436,NA,2001,"A012",4230,5,0,5,0,5,5
4436,NA,2001,"A040",4230,4,0,4,0,5,5
4436,NA,2002,"B001",4230,5,0,5,0,5,5
4436,NA,2002,"B035",4230,4,0,4,0,5,5
4436,NA,2002,"B066",4230,4,0,4,0,5,5
4437,NA,2001,"A010",4415,3,0,3,0,2,2
4437,NA,2001,"A033",4415,2,1,3,1,2,2
4438,NA,2001,"A011",4432,1,3,4,1,2,2
4438,NA,2001,"A036",4432,4,0,4,0,2,2
4440,NA,2001,"A048",4304,4,0,4,0,1,1
4443,NA,2001,"A002",4435,2,0,2,0,3,1
4443,NA,2001,"A034",4303,4,0,4,0,3,1
4443,NA,2002,"B080",4435,1,0,1,0,3,1
4447,NA,2001,"A003",4403,2,0,2,0,5,2
4447,NA,2001,"A031",4403,4,0,4,0,5,2
4447,NA,2002,"B027",4477,4,0,4,0,5,2
4447,NA,2002,"B077",4477,4,0,4,0,5,2
4447,NA,2003,"C038",363,0,4,4,1,5,1
4465,NA,2001,"A022",4410,4,0,4,0,3,2
4465,NA,2001,"A050",4410,3,0,3,0,3,2
4465,NA,2002,"B021",16,4,1,5,1,3,1
4468,NA,2001,"A026",4477,3,0,3,0,5,1
4468,NA,2001,"A042",4417,4,0,4,0,5,1
4468,NA,2002,"B009",20,2,0,2,0,5,2
4468,NA,2002,"B046",20,2,2,4,1,5,2
4468,NA,2002,"B070",4467,4,0,4,0,5,1
4489,NA,2001,"A007",4275,3,0,3,0,2,2
4489,NA,2001,"A041",4275,5,0,5,0,2,2
4494,NA,2001,"A006",4418,1,2,3,1,2,2
4494,NA,2001,"A037",4418,2,2,4,1,2,2
4495,NA,2001,"A005",4429,3,1,4,1,2,1
4495,NA,2002,"B018",4265,4,1,5,1,2,1
4496,NA,2001,"A004",4467,2,1,3,1,1,1
4497,NA,2001,"A001",4470,5,0,5,0,14,3
4497,NA,2001,"A027",4470,5,0,5,0,14,3
4497,NA,2001,"A049",4470,3,0,3,0,14,3
4497,NA,2002,"B017",4282,3,0,3,0,14,2
4497,NA,2002,"B051",4282,3,0,3,0,14,2
4497,NA,2002,"B087",4265,3,0,3,0,14,9
4497,NA,2003,"C021",4265,1,0,1,0,14,9
4497,NA,2003,"C057",4265,4,1,5,1,14,9
4497,NA,2003,"C110",4265,5,0,5,0,14,9
4497,NA,2004,"D001",4265,2,1,3,1,14,9
4497,NA,2004,"D069",4265,5,0,5,0,14,9
4497,NA,2004,"D111",4265,3,1,4,1,14,9
4497,NA,2004,"D178",4265,0,5,5,1,14,9
4497,NA,2004,"D213",4265,1,0,1,0,14,9
4498,NA,2001,"A014",4409,5,0,5,0,2,2
4498,NA,2001,"A046",4409,4,0,4,0,2,2
4500,NA,2001,"A009",4499,4,0,4,0,2,2
4500,NA,2001,"A038",4499,2,0,2,0,2,2
4501,NA,2002,"B019",4418,2,1,3,1,6,3
4501,NA,2002,"B043",4418,4,0,4,0,6,3
4501,NA,2002,"B076",4418,2,0,2,0,6,3
4501,NA,2003,"C099",4417,3,0,3,0,6,3
4501,NA,2004,"D070",4417,3,0,3,0,6,3
4501,NA,2004,"D125",4417,4,0,4,0,6,3
4504,NA,2002,"B005",4464,1,0,1,0,3,3
4504,NA,2002,"B042",4464,5,0,5,0,3,3
4504,NA,2002,"B072",4464,2,0,2,0,3,3
4510,1,2009,"I009",4072,4,0,4,0,2,2
4510,1,2009,"I034",4072,4,0,4,0,2,2
4511,2,2009,"I013",4509,4,0,4,0,3,2
4511,2,2009,"I037",4509,4,0,4,0,3,2
4511,2,2009,"I056",4039,2,0,2,0,3,1
4576,3,2012,"L007",4682,5,0,5,0,8,8
4576,3,2012,"L052",4682,4,0,4,0,8,8
4576,4,2013,"M002",4682,5,0,5,0,8,8
4576,4,2013,"M057",4682,4,1,5,1,8,8
4576,4,2013,"M125",4682,4,1,5,1,8,8
4576,5,2014,"N013",4682,5,0,5,0,8,8
4576,5,2014,"N102",4682,5,0,5,0,8,8
4576,5,2014,"N185",4682,1,0,1,0,8,8
4585,1,2010,"J017",4703,0,4,4,1,3,1
4585,2,2011,"K004",4735,4,0,4,0,3,2
4585,2,2011,"K070",4735,1,3,4,1,3,2
4619,1,2010,"J020",4664,5,0,5,0,5,4
4619,1,2010,"J042",4664,5,0,5,0,5,4
4619,1,2010,"J061",4664,2,0,2,0,5,4
4619,2,2011,"K011",4664,5,0,5,0,5,4
4619,2,2011,"K083",5024,0,4,4,1,5,1
4663,3,2012,"L010",5871,5,0,5,0,8,3
4663,3,2012,"L068",5871,4,0,4,0,8,3
4663,3,2012,"L084",5871,5,0,5,0,8,3
4663,4,2013,"M039",5424,4,0,4,0,8,5
4663,4,2013,"M113",5424,6,0,6,0,8,5
4663,5,2014,"N032",5424,5,0,5,0,8,5
4663,5,2014,"N124",5424,4,0,4,0,8,5
4663,5,2014,"N204",5424,3,1,4,1,8,5
4679,1,2010,"J065",4745,1,2,3,1,1,1
4689,1,2010,"J060",3445,2,0,2,0,1,1
4721,1,2010,"J066",4039,3,0,3,0,1,1
4723,1,2010,"J032",4119,4,0,4,0,20,2
4723,1,2010,"J063",4119,1,0,1,0,20,2
4723,2,2011,"K054",3684,2,0,2,0,20,2
4723,2,2011,"K109",3684,2,1,3,1,20,2
4723,3,2012,"L018",5437,4,0,4,0,20,1
4723,3,2012,"L056",5669,5,0,5,0,20,2
4723,3,2012,"L092",5669,2,2,4,1,20,2
4723,4,2013,"M024",4991,3,0,3,0,20,3
4723,4,2013,"M078",4991,3,1,4,1,20,3
4723,4,2013,"M140",4991,2,1,3,1,20,3
4723,5,2014,"N047",6461,4,0,4,0,20,6
4723,5,2014,"N142",6461,2,0,2,0,20,6
4723,5,2014,"N221",6461,2,0,2,0,20,6
4723,6,2015,"O008",6461,2,1,3,1,20,6
4723,6,2015,"O050",6461,1,3,4,1,20,6
4723,6,2015,"O088",6461,4,0,4,0,20,6
4723,7,2016,"P028",8391,4,0,4,0,20,3
4723,7,2016,"P070",8391,2,1,3,1,20,3
4723,7,2016,"P114",8391,3,1,4,1,20,3
4723,8,2017,"Q010",5466,2,0,2,0,20,1
4739,1,2010,"J034",4070,2,1,3,1,10,2
4739,1,2010,"J054",4070,3,0,3,0,10,2
4739,2,2011,"K015",4686,2,1,3,1,10,2
4739,2,2011,"K084",4686,1,2,3,1,10,2
4739,3,2012,"L014",4991,3,1,4,1,10,1
4739,3,2012,"L100",5424,3,0,3,0,10,1
4739,4,2013,"M018",5468,1,1,2,1,10,2
4739,4,2013,"M103",5468,4,0,4,0,10,2
4739,5,2014,"N028",5466,1,0,1,0,10,2
4739,5,2014,"N128",5466,3,0,3,0,10,2
4744,1,2010,"J014",4682,4,0,4,0,3,3
4744,1,2010,"J041",4682,2,2,4,1,3,3
4744,1,2010,"J059",4682,3,0,3,0,3,3
4754,NA,2010,"J044",4573,3,0,3,0,1,1
4759,1,2009,"I044",4023,3,0,3,0,6,1
4759,2,2010,"J028",3764,1,0,1,0,6,5
4759,2,2010,"J045",3764,5,0,5,0,6,5
4759,3,2011,"K014",3764,3,1,4,1,6,5
4759,3,2011,"K068",3764,4,0,4,0,6,5
4759,3,2011,"K131",3764,3,0,3,0,6,5
4760,1,2009,"I028",4033,3,1,4,1,3,1
4760,2,2010,"J002",4109,2,0,2,0,3,2
4760,2,2010,"J035",4109,2,0,2,0,3,2
4830,1,2011,"K042",4070,1,1,2,1,2,2
4830,1,2011,"K093",4070,4,0,4,0,2,2
4854,1,2011,"K002",4907,3,0,3,0,11,3
4854,1,2011,"K060",4907,0,5,5,1,11,3
4854,1,2011,"K112",4907,4,0,4,0,11,3
4854,3,2013,"M075",4929,5,0,5,0,11,5
4854,3,2013,"M135",4929,4,0,4,0,11,5
4854,4,2014,"N076",4929,2,0,2,0,11,5
4854,4,2014,"N155",4929,5,0,5,0,11,5
4854,4,2014,"N227",4929,3,1,4,1,11,5
4854,5,2015,"O035",6923,3,0,3,0,11,1
4854,5,2015,"O078",8642,5,0,5,0,11,1
4854,5,2015,"O103",7984,3,0,3,0,11,1
4858,1,2011,"K022",4765,5,0,5,0,4,2
4858,1,2011,"K067",4765,4,0,4,0,4,2
4858,3,2013,"M090",4745,3,2,5,1,4,2
4858,3,2013,"M144",4745,1,4,5,1,4,2
4862,1,2011,"K057",4847,2,2,4,1,3,2
4862,1,2011,"K114",4847,4,0,4,0,3,2
4862,2,2012,"L006",5031,3,1,4,1,3,1
4863,1,2011,"K025",4852,4,0,4,0,2,2
4863,1,2011,"K065",4852,4,0,4,0,2,2
4864,1,2011,"K044",5623,2,1,3,1,1,1
4867,1,2011,"K088",5050,3,0,3,0,2,2
4867,1,2011,"K143",5050,3,0,3,0,2,2
4872,1,2011,"K027",4996,3,0,3,0,11,2
4872,1,2011,"K081",4996,4,0,4,0,11,2
4872,2,2012,"L017",5675,3,1,4,1,11,9
4872,2,2012,"L055",5675,5,0,5,0,11,9
4872,2,2012,"L093",5675,3,0,3,0,11,9
4872,3,2013,"M023",5675,1,0,1,0,11,9
4872,3,2013,"M087",5675,4,0,4,0,11,9
4872,3,2013,"M139",5675,5,0,5,0,11,9
4872,4,2014,"N040",5675,4,0,4,0,11,9
4872,4,2014,"N115",5675,4,0,4,0,11,9
4872,4,2014,"N200",5675,2,0,2,0,11,9
4873,1,2011,"K036",4960,4,0,4,0,8,4
4873,1,2011,"K076",4960,4,0,4,0,8,4
4873,1,2011,"K121",4960,4,0,4,0,8,4
4873,2,2012,"L022",4960,1,2,3,1,8,4
4873,2,2012,"L039",5393,4,0,4,0,8,2
4873,2,2012,"L072",5393,1,0,1,0,8,2
4873,4,2014,"N016",4960,4,0,4,0,8,2
4873,4,2014,"N104",4960,3,0,3,0,8,2
4898,2,2012,"L047",5048,2,2,4,1,5,2
4898,2,2012,"L082",5048,5,0,5,0,5,2
4898,5,2015,"O019",4943,1,2,3,1,5,3
4898,5,2015,"O057",4943,4,0,4,0,5,3
4898,6,2016,"P033",4943,2,0,2,0,5,3
4905,1,2011,"K021",4109,3,1,4,1,2,2
4905,1,2011,"K128",4109,3,1,4,1,2,2
4909,1,2011,"K103",5644,0,3,3,1,1,1
4927,1,2011,"K024",4906,2,0,2,0,1,1
4933,2,2012,"L016",5202,3,0,3,0,7,7
4933,2,2012,"L062",5202,4,0,4,0,7,7
4933,2,2012,"L099",5202,4,0,4,0,7,7
4933,3,2013,"M017",5202,4,1,5,1,7,7
4933,3,2013,"M099",5202,4,1,5,1,7,7
4933,4,2014,"N023",5202,4,0,4,0,7,7
4933,4,2014,"N107",5202,5,0,5,0,7,7
4942,1,2011,"K080",3496,4,0,4,0,1,1
4944,1,2011,"K101",4072,0,3,3,1,6,1
4944,2,2012,"L034",4722,3,0,3,0,6,5
4944,2,2012,"L048",4722,5,0,5,0,6,5
4944,2,2012,"L088",4722,3,1,4,1,6,5
4944,3,2013,"M104",4722,4,0,4,0,6,5
4944,3,2013,"M169",4722,3,0,3,0,6,5
4947,1,2011,"K033",4914,2,0,2,0,3,3
4947,1,2011,"K085",4914,3,1,4,1,3,3
4947,1,2011,"K136",4914,3,0,3,0,3,3
4961,1,2011,"K096",5032,3,0,3,0,12,1
4961,1,2011,"K134",4686,4,0,4,0,12,1
4961,2,2012,"L012",4960,2,2,4,1,12,7
4961,2,2012,"L043",4960,3,0,3,0,12,7
4961,2,2012,"L074",4960,4,0,4,0,12,7
4961,3,2013,"M006",4960,3,0,3,0,12,7
4961,3,2013,"M060",4960,3,1,4,1,12,7
4961,3,2013,"M124",4960,4,0,4,0,12,7
4961,3,2013,"M178",4960,3,1,4,1,12,7
4961,4,2014,"N006",7267,4,0,4,0,12,3
4961,4,2014,"N116",7267,4,0,4,0,12,3
4961,4,2014,"N197",7267,4,0,4,0,12,3
4963,1,2011,"K115",4868,3,0,3,0,5,1
4963,2,2012,"L008",5468,2,2,4,1,5,1
4963,2,2012,"L041",5449,2,1,3,1,5,2
4963,2,2012,"L077",5449,3,1,4,1,5,2
4963,3,2013,"M121",6386,4,0,4,0,5,1
4965,1,2011,"K111",4812,0,4,4,1,6,1
4965,2,2012,"L066",5314,3,1,4,1,6,3
4965,3,2013,"M028",5314,2,1,3,1,6,3
4965,3,2013,"M112",5314,5,0,5,0,6,3
4965,4,2014,"N046",6503,2,1,3,1,6,2
4965,4,2014,"N136",6503,2,0,2,0,6,2
4967,1,2011,"K016",4649,3,0,3,0,15,1
4967,1,2011,"K077",4768,4,0,4,0,15,3
4967,1,2011,"K125",4768,4,1,5,1,15,3
4967,2,2012,"L019",4768,5,0,5,0,15,3
4967,2,2012,"L063",5517,1,2,3,1,15,2
4967,2,2012,"L095",5517,3,0,3,0,15,2
4967,3,2013,"M007",5461,4,0,4,0,15,6
4967,3,2013,"M043",5461,5,0,5,0,15,6
4967,3,2013,"M123",5461,2,1,3,1,15,6
4967,4,2014,"N005",5461,5,0,5,0,15,6
4967,4,2014,"N059",5461,2,2,4,1,15,6
4967,4,2014,"N152",5461,4,0,4,0,15,6
4967,5,2015,"O005",7267,4,0,4,0,15,3
4967,5,2015,"O030",7267,5,0,5,0,15,3
4967,5,2015,"O077",7267,2,3,5,1,15,3
4968,1,2011,"K029",4998,4,0,4,0,3,3
4968,1,2011,"K075",4998,2,2,4,1,3,3
4968,1,2011,"K133",4998,4,0,4,0,3,3
4972,1,2011,"K020",4673,0,4,4,1,3,3
4972,1,2011,"K074",4673,1,2,3,1,3,3
4972,1,2011,"K122",4673,0,3,3,1,3,3
4974,1,2011,"K046",5062,0,2,2,1,2,1
4974,1,2011,"K100",4060,3,1,4,1,2,1
4975,NA,2012,"L013",4991,2,2,4,1,9,2
4975,NA,2012,"L040",4991,0,2,2,1,9,2
4975,NA,2012,"L094",4895,4,0,4,0,9,1
4975,NA,2013,"M020",5461,3,1,4,1,9,2
4975,NA,2013,"M059",5461,4,0,4,0,9,2
4975,NA,2013,"M122",6489,1,3,4,1,9,1
4975,NA,2014,"N044",7267,5,0,5,0,9,3
4975,NA,2014,"N148",7267,4,1,5,1,9,3
4975,NA,2014,"N236",7267,1,1,2,1,9,3
4976,2,2012,"L025",5096,5,0,5,0,10,1
4976,3,2013,"M042",5139,4,0,4,0,10,3
4976,4,2014,"N172",5139,3,1,4,1,10,3
4976,5,2015,"O051",5139,2,0,2,0,10,3
4976,5,2015,"O093",7426,0,4,4,1,10,1
4976,7,2017,"Q081",8707,4,0,4,0,10,3
4976,7,2017,"Q165",8707,3,2,5,1,10,3
4976,7,2017,"Q213",8707,1,2,3,1,10,3
4976,8,2018,"R089",9632,0,4,4,1,10,1
4976,9,2019,"T074",8188,1,3,4,1,10,1
4982,1,2011,"K013",4885,1,2,3,1,3,2
4982,1,2011,"K072",4885,3,0,3,0,3,2
4982,1,2011,"K130",4737,2,1,3,1,3,1
4989,1,2011,"K026",4900,3,0,3,0,2,2
4989,1,2011,"K110",4900,0,2,2,1,2,2
5005,1,2011,"K142",4060,2,1,3,1,1,1
5014,2,2012,"L001",5489,4,0,4,0,8,6
5014,2,2012,"L026",5489,4,0,4,0,8,6
5014,2,2012,"L060",5489,5,0,5,0,8,6
5014,2,2012,"L090",5489,4,0,4,0,8,6
5014,3,2013,"M105",5489,3,0,3,0,8,6
5014,3,2013,"M165",5489,3,0,3,0,8,6
5014,4,2014,"N143",4895,3,1,4,1,8,2
5014,4,2014,"N217",4895,4,0,4,0,8,2
5017,1,2011,"K018",4706,3,0,3,0,2,2
5017,1,2011,"K082",4706,0,3,3,1,2,2
5025,1,2011,"K119",5044,1,1,2,1,4,1
5025,2,2012,"L005",4705,5,0,5,0,4,3
5025,2,2012,"L058",4705,3,2,5,1,4,3
5025,2,2012,"L085",4705,4,0,4,0,4,3
5030,1,2011,"K028",4768,4,0,4,0,1,1
5046,1,2011,"K043",5047,2,0,2,0,2,2
5046,1,2011,"K091",5047,3,1,4,1,2,2
5053,1,2011,"K151",5009,2,0,2,0,1,1
5058,1,2011,"K079",4717,5,0,5,0,1,1
5063,1,2011,"K138",4758,4,0,4,0,1,1
5067,1,2011,"K051",4868,5,0,5,0,6,1
5067,2,2012,"L009",5623,4,0,4,0,6,3
5067,2,2012,"L053",5623,4,0,4,0,6,3
5067,2,2012,"L089",5623,2,0,2,0,6,3
5067,3,2013,"M001",5031,4,0,4,0,6,2
5067,3,2013,"M045",5031,3,1,4,1,6,2
5093,1,2012,"L027",4682,2,1,3,1,6,6
5093,1,2012,"L065",4682,4,0,4,0,6,6
5093,1,2012,"L086",4682,2,2,4,1,6,6
5093,2,2013,"M010",4682,3,0,3,0,6,6
5093,2,2013,"M079",4682,2,0,2,0,6,6
5093,2,2013,"M147",4682,4,0,4,0,6,6
5134,1,2012,"L038",5107,5,0,5,0,2,2
5134,1,2012,"L079",5107,2,0,2,0,2,2
5136,NA,2012,"L098",5004,2,1,3,1,1,1
5140,1,2012,"L020",5593,1,3,4,1,9,1
5140,1,2012,"L050",4895,3,0,3,0,9,8
5140,1,2012,"L091",4895,4,0,4,0,9,8
5140,2,2013,"M008",4895,4,0,4,0,9,8
5140,2,2013,"M072",4895,3,1,4,1,9,8
5140,2,2013,"M145",4895,3,0,3,0,9,8
5140,3,2014,"N034",4895,3,2,5,1,9,8
5140,3,2014,"N117",4895,5,0,5,0,9,8
5140,3,2014,"N201",4895,3,0,3,0,9,8
5214,1,2012,"L037",4757,3,0,3,0,5,5
5214,1,2012,"L075",4757,5,0,5,0,5,5
5214,2,2013,"M076",4757,3,0,3,0,5,5
5214,2,2013,"M143",4757,4,1,5,1,5,5
5214,3,2014,"N182",4757,4,0,4,0,5,5
5284,1,2012,"L011",3764,3,0,3,0,21,9
5284,1,2012,"L051",3764,1,2,3,1,21,9
5284,1,2012,"L083",3764,1,2,3,1,21,9
5284,2,2013,"M005",3764,3,1,4,1,21,9
5284,2,2013,"M094",3764,4,1,5,1,21,9
5284,2,2013,"M155",3764,4,1,5,1,21,9
5284,3,2014,"N025",3764,3,1,4,1,21,9
5284,3,2014,"N099",3764,3,2,5,1,21,9
5284,3,2014,"N181",3764,1,2,3,1,21,9
5284,4,2015,"O015",7900,3,0,3,0,21,4
5284,4,2015,"O070",7900,3,1,4,1,21,4
5284,4,2015,"O100",7900,3,0,3,0,21,4
5284,5,2016,"P043",7900,4,0,4,0,21,4
5284,5,2016,"P088",4896,4,0,4,0,21,3
5284,5,2016,"P122",4896,2,1,3,1,21,3
5284,6,2017,"Q030",4896,3,0,3,0,21,3
5284,6,2017,"Q118",9267,3,0,3,0,21,5
5284,6,2017,"Q192",9267,2,1,3,1,21,5
5284,7,2018,"R013",9267,4,0,4,0,21,5
5284,7,2018,"R064",9267,3,0,3,0,21,5
5284,7,2018,"R130",9267,1,2,3,1,21,5
5294,1,2012,"L002",4943,3,1,4,1,10,8
5294,1,2012,"L032",4943,3,0,3,0,10,8
5294,1,2012,"L078",4943,4,0,4,0,10,8
5294,2,2013,"M004",4943,1,2,3,1,10,8
5294,2,2013,"M032",4943,2,0,2,0,10,8
5294,2,2013,"M168",4943,3,0,3,0,10,8
5294,3,2014,"N007",4943,2,2,4,1,10,8
5294,3,2014,"N089",4943,3,0,3,0,10,8
5294,3,2014,"N168",6969,2,3,5,1,10,1
5294,3,2014,"N238",7266,4,0,4,0,10,1
5407,1,2012,"L030",5517,3,1,4,1,10,1
5407,1,2012,"L073",4991,2,0,2,0,10,1
5407,2,2013,"M138",6461,0,2,2,1,10,1
5407,3,2014,"N020",6793,2,1,3,1,10,1
5407,3,2014,"N087",7154,4,0,4,0,10,2
5407,3,2014,"N183",7154,3,0,3,0,10,2
5407,4,2015,"O009",5675,3,1,4,1,10,4
5407,4,2015,"O031",5675,2,2,4,1,10,4
5407,4,2015,"O063",5675,3,0,3,0,10,4
5407,4,2015,"O079",5675,4,0,4,0,10,4
5410,1,2012,"L049",5466,3,0,3,0,4,4
5410,1,2012,"L080",5466,1,2,3,1,4,4
5410,2,2013,"M019",5466,3,0,3,0,4,4
5410,2,2013,"M102",5466,3,1,4,1,4,4
5428,1,2012,"L021",4896,4,1,5,1,1,1
5589,1,2012,"L031",5616,5,0,5,0,10,8
5589,1,2012,"L071",5616,4,0,4,0,10,8
5589,2,2013,"M016",5616,4,1,5,1,10,8
5589,2,2013,"M055",5616,5,0,5,0,10,8
5589,2,2013,"M131",5616,3,0,3,0,10,8
5589,3,2014,"N014",5616,3,0,3,0,10,8
5589,3,2014,"N064",5616,4,1,5,1,10,8
5589,3,2014,"N154",5616,5,0,5,0,10,8
5589,3,2014,"N239",6923,2,0,2,0,10,2
5589,4,2015,"O007",6923,3,0,3,0,10,2
5598,1,2012,"L035",5359,4,0,4,0,5,5
5598,1,2012,"L061",5359,4,0,4,0,5,5
5598,1,2012,"L096",5359,4,0,4,0,5,5
5598,2,2013,"M011",5359,4,0,4,0,5,5
5598,2,2013,"M056",5359,2,2,4,1,5,5
5625,1,2012,"L029",5195,3,1,4,1,9,9
5625,1,2012,"L069",5195,4,0,4,0,9,9
5625,2,2013,"M068",5195,1,2,3,1,9,9
5625,2,2013,"M132",5195,3,1,4,1,9,9
5625,3,2014,"N050",5195,1,2,3,1,9,9
5625,3,2014,"N141",5195,1,2,3,1,9,9
5625,3,2014,"N219",5195,3,0,3,0,9,9
5625,4,2015,"O047",5195,3,1,4,1,9,9
5625,4,2015,"O084",5195,3,0,3,0,9,9
5678,1,2012,"L054",5311,1,0,1,0,2,1
5678,3,2014,"N228",6455,1,2,3,1,2,1
6238,NA,2012,"L046",6240,4,0,4,0,5,5
6238,NA,2012,"L070",6240,3,0,3,0,5,5
6238,NA,2013,"M013",6240,5,0,5,0,5,5
6238,NA,2013,"M098",6240,3,1,4,1,5,5
6238,NA,2013,"M162",6240,2,1,3,1,5,5
6245,NA,2012,"L064",5031,3,1,4,1,2,1
6245,NA,2015,"O044",6687,4,0,4,0,2,1
6250,1,2013,"M014",6517,2,1,3,1,6,2
6250,1,2013,"M080",6517,3,0,3,0,6,2
6250,2,2014,"N101",6532,1,3,4,1,6,2
6250,2,2014,"N187",6532,4,0,4,0,6,2
6250,3,2015,"O004",6862,4,0,4,0,6,1
6250,3,2015,"O058",6517,2,1,3,1,6,1
6267,1,2013,"M027",6433,2,0,2,0,5,2
6267,1,2013,"M101",6433,1,2,3,1,5,2
6267,2,2014,"N091",6270,1,1,2,1,5,3
6267,2,2014,"N133",6270,4,1,5,1,5,3
6267,2,2014,"N216",6270,1,1,2,1,5,3
6269,1,2013,"M050",6270,3,0,3,0,3,3
6269,1,2013,"M106",6270,1,3,4,1,3,3
6269,2,2014,"N035",6270,4,0,4,0,3,3
6290,1,2013,"M021",5393,4,0,4,0,10,3
6290,1,2013,"M093",5393,3,0,3,0,10,3
6290,1,2013,"M146",5393,2,2,4,1,10,3
6290,2,2014,"N082",7268,3,0,3,0,10,2
6290,2,2014,"N166",7268,3,0,3,0,10,2
6290,2,2014,"N240",5202,1,2,3,1,10,1
6290,3,2015,"O001",6902,4,0,4,0,10,2
6290,3,2015,"O036",6902,3,0,3,0,10,2
6290,3,2015,"O068",5466,5,0,5,0,10,2
6290,3,2015,"O097",5466,4,0,4,0,10,2
6316,1,2013,"M066",6376,3,0,3,0,10,1
6316,1,2013,"M154",6344,3,1,4,1,10,3
6316,2,2014,"N049",6344,3,0,3,0,10,3
6316,2,2014,"N147",6344,2,2,4,1,10,3
6316,3,2015,"O055",6927,3,1,4,1,10,2
6316,3,2015,"O090",6927,4,0,4,0,10,2
6316,4,2016,"P014",6517,3,1,4,1,10,4
6316,4,2016,"P089",6517,3,1,4,1,10,4
6316,4,2016,"P126",6517,3,0,3,0,10,4
6316,5,2017,"Q188",6517,2,1,3,1,10,4
6317,1,2013,"M071",5593,4,0,4,0,5,2
6317,1,2013,"M153",5593,2,2,4,1,5,2
6317,2,2014,"N026",5466,3,1,4,1,5,3
6317,2,2014,"N112",5466,3,0,3,0,5,3
6317,2,2014,"N203",5466,2,2,4,1,5,3
6321,1,2013,"M036",5517,2,2,4,1,5,5
6321,1,2013,"M114",5517,3,2,5,1,5,5
6321,2,2014,"N002",5517,1,2,3,1,5,5
6321,2,2014,"N081",5517,5,0,5,0,5,5
6321,2,2014,"N173",5517,2,0,2,0,5,5
6323,1,2013,"M150",5623,2,1,3,1,3,1
6323,2,2014,"N092",6533,2,2,4,1,3,2
6323,2,2014,"N193",6533,3,1,4,1,3,2
6370,1,2013,"M069",5311,2,2,4,1,5,3
6370,1,2013,"M133",5311,2,2,4,1,5,3
6370,2,2014,"N055",5311,4,0,4,0,5,3
6370,2,2014,"N241",5253,2,0,2,0,5,1
6370,3,2015,"O027",8188,5,0,5,0,5,1
6374,1,2013,"M136",6532,2,2,4,1,1,1
6384,1,2013,"M077",6509,4,0,4,0,9,4
6384,1,2013,"M163",6509,2,2,4,1,9,4
6384,2,2014,"N033",6509,2,1,3,1,9,4
6384,2,2014,"N137",6509,4,1,5,1,9,4
6384,3,2015,"O023",5424,3,0,3,0,9,2
6384,3,2015,"O071",5424,4,0,4,0,9,2
6384,3,2015,"O104",7793,3,1,4,1,9,1
6384,4,2016,"P002",5195,3,1,4,1,9,2
6384,4,2016,"P078",5195,1,3,4,1,9,2
6387,1,2013,"M148",5202,1,1,2,1,4,1
6387,2,2014,"N048",6969,3,2,5,1,4,2
6387,2,2014,"N103",6969,2,2,4,1,4,2
6387,2,2014,"N164",5202,3,1,4,1,4,1
6392,1,2013,"M063",6344,5,0,5,0,2,1
6392,1,2013,"M119",6280,5,0,5,0,2,1
6415,1,2013,"M134",6377,3,1,4,1,1,1
6420,1,2013,"M088",6455,3,0,3,0,1,1
6421,1,2013,"M107",6501,4,0,4,0,1,1
6451,1,2013,"M037",5623,3,1,4,1,12,1
6451,1,2013,"M118",5048,3,0,3,0,12,1
6451,2,2014,"N039",5623,4,0,4,0,12,3
6451,2,2014,"N144",5623,3,0,3,0,12,3
6451,2,2014,"N226",5623,1,0,1,0,12,3
6451,3,2015,"O056",4929,2,0,2,0,12,1
6451,3,2015,"O089",8188,4,0,4,0,12,6
6451,4,2016,"P029",8188,4,0,4,0,12,6
6451,4,2016,"P076",8188,1,0,1,0,12,6
6451,4,2016,"P097",8188,3,0,3,0,12,6
6451,4,2016,"P143",8188,3,0,3,0,12,6
6451,5,2017,"Q071",8188,3,1,4,1,12,6
6453,1,2013,"M086",6490,4,0,4,0,3,1
6453,1,2013,"M160",5468,2,0,2,0,3,1
6453,2,2014,"N011",7154,1,0,1,0,3,1
6458,1,2013,"M173",6563,2,0,2,0,3,3
6458,2,2014,"N131",6563,4,0,4,0,3,3
6458,2,2014,"N210",6563,1,1,2,1,3,3
6459,1,2013,"M061",6447,2,0,2,0,1,1
6460,1,2013,"M065",6436,3,0,3,0,2,2
6460,1,2013,"M149",6436,3,0,3,0,2,2
6462,1,2013,"M081",6648,3,1,4,1,4,4
6462,1,2013,"M171",6648,1,2,3,1,4,4
6462,2,2014,"N069",6648,4,0,4,0,4,4
6462,2,2014,"N150",6648,3,0,3,0,4,4
6472,4,2016,"P075",7615,3,1,4,1,2,2
6472,4,2016,"P121",7615,1,3,4,1,2,2
6473,1,2013,"M096",6434,0,1,1,1,1,1
6476,1,2013,"M070",6251,4,0,4,0,1,1
6491,1,2013,"M041",6260,1,2,3,1,1,1
6499,1,2013,"M025",5489,2,0,2,0,3,3
6499,1,2013,"M052",5489,0,2,2,1,3,3
6499,1,2013,"M127",5489,3,1,4,1,3,3
6500,1,2013,"M031",5048,2,1,3,1,3,1
6500,1,2013,"M142",6521,3,0,3,0,3,1
6500,2,2014,"N145",6527,3,1,4,1,3,1
6506,1,2013,"M040",6492,4,0,4,0,1,1
6508,2,2014,"N190",7273,3,0,3,0,1,1
6522,1,2013,"M030",5222,3,0,3,0,1,1
6526,1,2013,"M049",6371,1,0,1,0,4,3
6526,1,2013,"M117",6371,3,0,3,0,4,3
6526,1,2013,"M167",6371,1,0,1,0,4,3
6526,2,2014,"N095",6808,0,4,4,1,4,1
6530,2,2014,"N084",6817,2,0,2,0,3,2
6530,2,2014,"N134",6817,5,0,5,0,3,2
6530,2,2014,"N218",7200,4,0,4,0,3,1
6536,2,2014,"N179",6391,3,0,3,0,7,1
6536,3,2015,"O006",7074,4,0,4,0,7,1
6536,3,2015,"O122",7710,2,1,3,1,7,1
6536,4,2016,"P019",7900,5,0,5,0,7,1
6536,4,2016,"P066",9038,5,0,5,0,7,3
6536,4,2016,"P103",9038,4,0,4,0,7,3
6536,5,2017,"Q029",9038,3,0,3,0,7,3
6543,1,2013,"M053",4900,4,0,4,0,4,1
6543,1,2013,"M128",5222,4,0,4,0,4,3
6543,2,2014,"N041",5222,5,0,5,0,4,3
6543,2,2014,"N140",5222,4,1,5,1,4,3
6555,1,2013,"M108",5035,3,0,3,0,13,1
6555,2,2014,"N012",6492,4,0,4,0,13,9
6555,2,2014,"N123",6492,5,0,5,0,13,9
6555,2,2014,"N191",6492,5,0,5,0,13,9
6555,3,2015,"O048",6492,4,0,4,0,13,9
6555,3,2015,"O086",6492,4,0,4,0,13,9
6555,4,2016,"P018",6492,3,2,5,1,13,9
6555,4,2016,"P073",6492,4,0,4,0,13,9
6555,4,2016,"P118",6492,2,0,2,0,13,9
6555,4,2016,"P138",6492,3,0,3,0,13,9
6555,5,2017,"Q067",8480,4,1,5,1,13,2
6555,5,2017,"Q146",8480,1,0,1,0,13,2
6555,6,2018,"R175",9633,3,1,4,1,13,1
6565,1,2013,"M067",6887,1,0,1,0,2,2
6565,1,2013,"M158",6887,2,1,3,1,2,2
6606,1,2013,"M092",6493,1,2,3,1,3,2
6606,1,2013,"M137",6493,3,1,4,1,3,2
6606,2,2014,"N090",6687,5,0,5,0,3,1
6638,1,2013,"M026",5449,3,0,3,0,6,6
6638,1,2013,"M064",5449,4,0,4,0,6,6
6638,1,2013,"M129",5449,3,0,3,0,6,6
6638,2,2014,"N024",5449,2,0,2,0,6,6
6638,2,2014,"N067",5449,3,1,4,1,6,6
6638,2,2014,"N162",5449,5,0,5,0,6,6
6639,2,2014,"N008",6533,4,0,4,0,2,1
6639,2,2014,"N153",6862,2,1,3,1,2,1
6641,2,2014,"N038",5031,4,0,4,0,2,2
6641,2,2014,"N138",5031,1,3,4,1,2,2
6643,1,2013,"M047",6527,3,0,3,0,21,1
6643,1,2013,"M116",6260,4,0,4,0,21,4
6643,2,2014,"N022",6260,3,1,4,1,21,4
6643,2,2014,"N121",6260,3,1,4,1,21,4
6643,2,2014,"N189",6260,4,0,4,0,21,4
6643,3,2015,"O002",7814,4,0,4,0,21,12
6643,3,2015,"O039",7814,2,1,3,1,21,12
6643,3,2015,"O080",7814,4,1,5,1,21,12
6643,4,2016,"P016",7814,4,0,4,0,21,12
6643,4,2016,"P050",7814,2,2,4,1,21,12
6643,4,2016,"P094",7814,2,0,2,0,21,12
6643,4,2016,"P128",7814,1,0,1,0,21,12
6643,4,2016,"P145",7814,3,0,3,0,21,12
6643,5,2017,"Q017",7814,1,0,1,0,21,12
6643,5,2017,"Q056",7814,5,0,5,0,21,12
6643,5,2017,"Q120",7814,3,0,3,0,21,12
6643,5,2017,"Q197",7814,1,0,1,0,21,12
6643,6,2018,"R007",9182,3,0,3,0,21,4
6643,6,2018,"R037",9182,0,1,1,1,21,4
6643,6,2018,"R105",9182,2,1,3,1,21,4
6643,6,2018,"R160",9182,1,2,3,1,21,4
6647,1,2013,"M095",5253,2,3,5,1,3,2
6647,1,2013,"M159",5253,3,2,5,1,3,2
6647,2,2014,"N206",6865,0,2,2,1,3,1
6649,1,2013,"M015",6521,0,4,4,1,6,2
6649,1,2013,"M089",6521,3,2,5,1,6,2
6649,1,2013,"M177",6490,1,1,2,1,6,1
6649,2,2014,"N003",6923,4,0,4,0,6,3
6649,2,2014,"N074",6923,5,0,5,0,6,3
6649,2,2014,"N159",6923,4,0,4,0,6,3
6689,1,2014,"N135",7079,3,0,3,0,2,2
6689,1,2014,"N188",7079,3,0,3,0,2,2
6724,1,2014,"N225",5031,1,0,1,0,13,1
6724,2,2015,"O017",6786,4,0,4,0,13,6
6724,2,2015,"O067",6786,5,0,5,0,13,6
6724,2,2015,"O098",6786,4,0,4,0,13,6
6724,3,2016,"P024",6786,5,0,5,0,13,6
6724,3,2016,"P061",6786,5,0,5,0,13,6
6724,3,2016,"P102",6786,5,0,5,0,13,6
6724,4,2017,"Q001",8906,0,2,2,1,13,6
6724,4,2017,"Q087",8906,4,0,4,0,13,6
6724,4,2017,"Q153",8906,5,0,5,0,13,6
6724,4,2017,"Q212",8906,3,0,3,0,13,6
6724,5,2018,"R016",8906,1,2,3,1,13,6
6724,5,2018,"R140",8906,5,0,5,0,13,6
6755,1,2014,"N176",6832,2,0,2,0,10,1
6755,3,2016,"P092",8715,1,2,3,1,10,3
6755,3,2016,"P131",8715,2,1,3,1,10,3
6755,3,2016,"P140",8715,0,3,3,1,10,3
6755,4,2017,"Q026",8888,1,0,1,0,10,6
6755,4,2017,"Q110",8888,2,2,4,1,10,6
6755,4,2017,"Q207",8888,2,0,2,0,10,6
6755,5,2018,"R027",8888,2,0,2,0,10,6
6755,5,2018,"R098",8888,1,2,3,1,10,6
6755,5,2018,"R163",8888,3,0,3,0,10,6
6767,1,2014,"N018",4900,0,2,2,1,2,2
6767,1,2014,"N096",4900,0,4,4,1,2,2
6774,1,2014,"N158",7274,3,0,3,0,1,1
6776,1,2014,"N170",6924,4,0,4,0,1,1
6795,1,2014,"N118",6894,2,0,2,0,2,2
6795,1,2014,"N202",6894,0,1,1,1,2,2
6812,1,2014,"N167",6435,1,0,1,0,1,1
6845,1,2014,"N108",6280,2,2,4,1,7,2
6845,1,2014,"N198",6280,3,0,3,0,7,2
6845,2,2015,"O054",4900,4,0,4,0,7,5
6845,2,2015,"O085",4900,1,2,3,1,7,5
6845,3,2016,"P012",4900,2,3,5,1,7,5
6845,3,2016,"P083",4900,2,2,4,1,7,5
6845,3,2016,"P116",4900,2,2,4,1,7,5
6870,1,2014,"N212",7271,2,1,3,1,1,1
6871,1,2014,"N053",6816,2,0,2,0,2,2
6871,1,2014,"N156",6816,1,0,1,0,2,2
6884,1,2014,"N056",7060,4,0,4,0,1,1
6888,1,2014,"N097",4722,4,0,4,0,2,2
6888,1,2014,"N186",4722,3,1,4,1,2,2
6897,1,2014,"N151",6841,3,1,4,1,2,1
6897,1,2014,"N208",7046,2,1,3,1,2,1
6907,1,2014,"N105",7113,3,0,3,0,2,2
6907,1,2014,"N215",7113,3,1,4,1,2,2
6919,1,2014,"N192",6806,3,0,3,0,1,1
6920,1,2014,"N029",6902,4,0,4,0,3,3
6920,1,2014,"N126",6902,3,0,3,0,3,3
6920,1,2014,"N209",6902,3,1,4,1,3,3
6930,1,2014,"N065",7203,3,1,4,1,2,2
6930,1,2014,"N171",7203,3,1,4,1,2,2
6935,1,2014,"N073",7046,5,0,5,0,2,1
6935,1,2014,"N169",6808,4,0,4,0,2,1
6946,1,2014,"N110",6688,5,0,5,0,1,1
6952,2,2015,"O049",7710,5,0,5,0,2,1
6952,2,2015,"O087",7877,3,1,4,1,2,1
6955,1,2014,"N030",6927,5,0,5,0,13,3
6955,1,2014,"N127",6927,4,0,4,0,13,3
6955,1,2014,"N213",6927,3,1,4,1,13,3
6955,2,2015,"O010",6924,3,1,4,1,13,10
6955,2,2015,"O060",6924,5,0,5,0,13,10
6955,2,2015,"O094",6924,2,3,5,1,13,10
6955,3,2016,"P020",6924,5,0,5,0,13,10
6955,3,2016,"P065",6924,4,1,5,1,13,10
6955,3,2016,"P110",6924,4,1,5,1,13,10
6955,4,2017,"Q025",6924,4,0,4,0,13,10
6955,4,2017,"Q103",6924,4,0,4,0,13,10
6955,4,2017,"Q185",6924,3,0,3,0,13,10
6955,5,2018,"R084",6924,2,0,2,0,13,10
6967,1,2014,"N021",6562,5,0,5,0,6,3
6967,1,2014,"N119",6562,4,1,5,1,6,3
6967,1,2014,"N207",6562,1,2,3,1,6,3
6967,2,2015,"O014",7160,5,0,5,0,6,3
6967,2,2015,"O062",7160,4,1,5,1,6,3
6967,2,2015,"O095",7160,0,4,4,1,6,3
6974,1,2014,"N157",6790,2,1,3,1,12,1
6974,2,2015,"O018",6921,3,1,4,1,12,11
6974,2,2015,"O064",6921,1,2,3,1,12,11
6974,2,2015,"O101",6921,2,0,2,0,12,11
6974,3,2016,"P023",6921,2,0,2,0,12,11
6974,3,2016,"P042",6921,4,1,5,1,12,11
6974,3,2016,"P095",6921,4,0,4,0,12,11
6974,3,2016,"P133",6921,1,3,4,1,12,11
6974,4,2017,"Q014",6921,0,1,1,1,12,11
6974,4,2017,"Q039",6921,4,0,4,0,12,11
6974,4,2017,"Q116",6921,1,0,1,0,12,11
6974,4,2017,"Q169",6921,3,1,4,1,12,11
6976,1,2014,"N068",6436,5,0,5,0,2,2
6976,1,2014,"N125",6436,4,1,5,1,2,2
6977,1,2014,"N146",6581,3,1,4,1,1,1
6987,1,2014,"N120",6386,3,0,3,0,2,2
6987,1,2014,"N220",6386,3,0,3,0,2,2
6991,1,2014,"N062",6377,3,0,3,0,2,2
6991,1,2014,"N149",6377,2,2,4,1,2,2
6994,1,2014,"N165",7002,4,0,4,0,1,1
7011,1,2014,"N015",7264,4,0,4,0,3,3
7011,1,2014,"N129",7264,5,0,5,0,3,3
7011,1,2014,"N205",7264,3,1,4,1,3,3
7022,NA,2013,"M100",7024,1,2,3,1,1,1
7034,1,2014,"N080",6816,0,4,4,1,1,1
7040,1,2014,"N051",6833,5,0,5,0,3,2
7040,1,2014,"N163",6833,4,0,4,0,3,2
7040,2,2015,"O042",6887,5,0,5,0,3,1
7075,1,2014,"N061",6944,0,3,3,1,1,1
7086,1,2014,"N114",6690,3,0,3,0,1,1
7103,1,2014,"N043",6847,0,3,3,1,3,1
7103,1,2014,"N111",6830,0,3,3,1,3,2
7103,1,2014,"N199",6830,3,0,3,0,3,2
7112,2,2015,"O105",7074,4,0,4,0,1,1
7114,1,2014,"N122",7200,3,1,4,1,1,1
7132,1,2014,"N079",7000,4,0,4,0,2,2
7132,1,2014,"N177",7000,2,1,3,1,2,2
7133,1,2014,"N098",6790,0,2,2,1,2,1
7133,1,2014,"N195",7074,3,0,3,0,2,1
7276,1,2014,"N194",7270,2,0,2,0,2,1
7276,2,2015,"O041",4682,1,1,2,1,2,1
7616,1,2015,"O052",6270,3,1,4,1,7,1
7616,2,2016,"P006",7984,4,0,4,0,7,2
7616,2,2016,"P082",7984,4,0,4,0,7,2
7616,3,2017,"Q047",4900,4,0,4,0,7,1
7616,3,2017,"Q152",9272,3,0,3,0,7,1
7616,4,2018,"R056",9120,2,2,4,1,7,2
7616,4,2018,"R133",9120,4,0,4,0,7,2
7641,1,2014,"N063",7071,1,3,4,1,5,2
7641,1,2014,"N161",7071,4,0,4,0,5,2
7641,2,2015,"O012",5675,1,2,3,1,5,3
7641,2,2015,"O029",5675,2,2,4,1,5,3
7641,2,2015,"O072",5675,2,2,4,1,5,3
7649,1,2014,"N075",6786,5,0,5,0,2,2
7649,1,2014,"N174",6786,2,0,2,0,2,2
7679,1,2015,"O016",7267,0,1,1,1,3,1
7679,1,2015,"O038",7814,1,3,4,1,3,2
7679,1,2015,"O069",7814,3,1,4,1,3,2
7764,1,2015,"O061",7900,5,0,5,0,7,2
7764,1,2015,"O099",7900,3,1,4,1,7,2
7764,2,2016,"P001",8729,5,0,5,0,7,5
7764,2,2016,"P071",8729,4,0,4,0,7,5
7764,2,2016,"P112",8729,4,0,4,0,7,5
7764,2,2016,"P141",8729,2,2,4,1,7,5
7764,3,2017,"Q023",8729,2,1,3,1,7,5
7897,1,2015,"O003",6808,5,0,5,0,3,3
7897,1,2015,"O034",6808,5,0,5,0,3,3
7897,1,2015,"O074",6808,5,0,5,0,3,3
7942,1,2015,"O025",7814,3,2,5,1,3,1
7942,1,2015,"O075",6902,3,1,4,1,3,1
7942,2,2016,"P026",5466,4,1,5,1,3,1
7947,1,2015,"O045",7689,4,0,4,0,7,7
7947,1,2015,"O082",7689,3,0,3,0,7,7
7947,1,2015,"O117",7689,1,1,2,1,7,7
7947,2,2016,"P004",7689,1,2,3,1,7,7
7947,2,2016,"P072",7689,2,3,5,1,7,7
7947,2,2016,"P109",7689,2,3,5,1,7,7
7947,3,2017,"Q102",7689,4,0,4,0,7,7
8055,1,2015,"O040",6923,2,1,3,1,11,2
8055,1,2015,"O081",6923,3,1,4,1,11,2
8055,2,2016,"P035",7710,3,0,3,0,11,1
8055,2,2016,"P069",7267,3,1,4,1,11,3
8055,2,2016,"P108",7267,3,1,4,1,11,3
8055,3,2017,"Q049",7267,4,0,4,0,11,3
8055,3,2017,"Q107",5466,3,0,3,0,11,2
8055,3,2017,"Q190",5466,1,2,3,1,11,2
8055,4,2018,"R002",9251,2,2,4,1,11,2
8055,4,2018,"R062",9251,2,1,3,1,11,2
8055,4,2018,"R121",7160,0,4,4,1,11,1
8063,1,2015,"O043",7532,4,1,5,1,3,1
8063,1,2015,"O083",7615,5,0,5,0,3,1
8063,2,2016,"P049",8603,3,2,5,1,3,1
8176,1,2015,"O032",7615,2,1,3,1,2,1
8176,1,2015,"O066",7647,3,1,4,1,2,1
8300,NA,2015,"O053",7703,4,0,4,0,1,1
8304,NA,2015,"O037",6648,3,2,5,1,1,1
8353,1,2016,"P011",8752,0,1,1,1,2,2
8353,1,2016,"P077",8752,1,0,1,0,2,2
8370,1,2016,"P013",6927,3,1,4,1,4,4
8370,1,2016,"P064",6927,4,0,4,0,4,4
8370,1,2016,"P113",6927,0,3,3,1,4,4
8370,1,2016,"P137",6927,2,1,3,1,4,4
8398,1,2016,"P048",7900,1,1,2,1,6,1
8398,1,2016,"P117",7877,4,0,4,0,6,1
8398,2,2017,"Q059",9073,3,0,3,0,6,2
8398,2,2017,"Q148",9073,1,0,1,0,6,2
8398,3,2018,"R100",9416,3,0,3,0,6,2
8398,3,2018,"R155",9416,4,0,4,0,6,2
8413,1,2016,"P009",8649,3,0,3,0,3,1
8413,1,2016,"P062",7710,1,0,1,0,3,2
8413,1,2016,"P101",7710,2,1,3,1,3,2
8430,1,2016,"P120",8390,2,1,3,1,1,1
8434,1,2016,"P084",6915,2,2,4,1,7,7
8434,1,2016,"P124",6915,2,2,4,1,7,7
8434,2,2017,"Q046",6915,3,1,4,1,7,7
8434,2,2017,"Q113",6915,0,5,5,1,7,7
8434,2,2017,"Q205",6915,2,1,3,1,7,7
8434,3,2018,"R012",6915,1,0,1,0,7,7
8434,3,2018,"R072",6915,3,0,3,0,7,7
8448,1,2016,"P040",8480,2,0,2,0,6,3
8448,1,2016,"P096",8480,3,0,3,0,6,3
8448,2,2017,"Q007",8480,1,0,1,0,6,3
8448,2,2017,"Q181",8947,2,1,3,1,6,3
8448,3,2018,"R035",8947,3,0,3,0,6,3
8448,3,2018,"R099",8947,4,0,4,0,6,3
8493,1,2016,"P081",7615,3,1,4,1,1,1
8513,1,2016,"P125",4943,3,0,3,0,1,1
8555,1,2016,"P057",8642,3,0,3,0,2,2
8555,1,2016,"P080",8642,2,2,4,1,2,2
8557,1,2016,"P003",6808,5,0,5,0,1,1
8559,1,2016,"P022",8648,2,1,3,1,7,3
8559,1,2016,"P106",8648,0,2,2,1,7,3
8559,2,2017,"Q065",8648,2,1,3,1,7,3
8559,2,2017,"Q126",4900,3,0,3,0,7,4
8559,2,2017,"Q175",4900,1,2,3,1,7,4
8559,3,2018,"R069",4900,4,0,4,0,7,4
8559,3,2018,"R135",4900,0,2,2,1,7,4
8589,1,2016,"P047",8716,5,0,5,0,6,1
8589,1,2016,"P098",8499,4,0,4,0,6,5
8589,1,2016,"P139",8499,0,2,2,1,6,5
8589,2,2017,"Q016",8499,2,0,2,0,6,5
8589,2,2017,"Q044",8499,6,0,6,0,6,5
8589,2,2017,"Q128",8499,5,0,5,0,6,5
8607,1,2016,"P051",8515,1,2,3,1,9,9
8607,1,2016,"P100",8515,1,2,3,1,9,9
8607,1,2016,"P129",8515,2,0,2,0,9,9
8607,2,2017,"Q040",8515,1,2,3,1,9,9
8607,2,2017,"Q131",8515,3,0,3,0,9,9
8607,3,2018,"R081",8515,1,1,2,1,9,9
8607,3,2018,"R138",8515,0,3,3,1,9,9
8607,4,2019,"T019",8515,2,0,2,0,9,9
8607,4,2019,"T084",8515,4,0,4,0,9,9
8610,2,2017,"Q008",6978,3,0,3,0,5,3
8610,2,2017,"Q166",6978,4,0,4,0,5,3
8610,3,2018,"R040",6978,1,2,3,1,5,3
8610,3,2018,"R110",9164,0,3,3,1,5,1
8610,3,2018,"R170",6978,3,1,4,1,5,1
8636,NA,2015,"O076",6862,4,0,4,0,3,1
8636,NA,2016,"P079",8512,5,0,5,0,3,2
8636,NA,2016,"P123",8512,4,0,4,0,3,2
8687,1,2016,"P053",8697,2,0,2,0,9,1
8687,1,2016,"P074",8649,3,0,3,0,9,5
8687,1,2016,"P115",8649,0,2,2,1,9,5
8687,1,2016,"P136",8649,0,2,2,1,9,5
8687,2,2017,"Q033",8649,3,0,3,0,9,5
8687,2,2017,"Q112",8649,1,1,2,1,9,5
8687,2,2017,"Q200",8188,0,3,3,1,9,1
8687,3,2018,"R050",8649,2,2,4,1,9,2
8687,3,2018,"R117",8649,3,1,4,1,9,2
8690,NA,2016,"P008",8502,2,2,4,1,6,6
8690,NA,2016,"P085",8502,0,4,4,1,6,6
8690,NA,2016,"P130",8502,2,1,3,1,6,6
8690,NA,2017,"Q028",8502,2,1,3,1,6,6
8690,NA,2017,"Q109",8502,1,1,2,1,6,6
8690,NA,2017,"Q199",8502,1,3,4,1,6,6
8693,1,2016,"P007",8498,1,2,3,1,7,5
8693,1,2016,"P060",8498,4,0,4,0,7,5
8693,1,2016,"P107",8498,3,0,3,0,7,5
8693,2,2017,"Q027",8498,3,0,3,0,7,5
8693,2,2017,"Q117",8498,5,0,5,0,7,5
8693,4,2019,"T021",8906,3,0,3,0,7,2
8693,4,2019,"T066",8906,2,2,4,1,7,2
8710,1,2016,"P093",7160,4,0,4,0,5,5
8710,1,2016,"P134",7160,2,0,2,0,5,5
8710,2,2017,"Q020",7160,3,0,3,0,5,5
8710,2,2017,"Q074",7160,3,1,4,1,5,5
8710,2,2017,"Q145",7160,3,1,4,1,5,5
8722,NA,2016,"P135",7426,3,0,3,0,2,1
8722,NA,2017,"Q136",9144,5,0,5,0,2,1
8726,1,2016,"P027",8414,2,0,2,0,8,3
8726,1,2016,"P041",8414,3,0,3,0,8,3
8726,1,2016,"P099",8414,1,4,5,1,8,3
8726,2,2017,"Q032",7615,3,0,3,0,8,5
8726,2,2017,"Q111",7615,3,0,3,0,8,5
8726,2,2017,"Q170",7615,3,0,3,0,8,5
8726,3,2018,"R029",7615,3,0,3,0,8,5
8726,3,2018,"R090",7615,3,1,4,1,8,5
8750,NA,2016,"P032",8747,4,0,4,0,4,1
8750,NA,2017,"Q161",8983,4,0,4,0,4,3
8750,NA,2018,"R021",8983,4,0,4,0,4,3
8750,NA,2018,"R095",8983,4,0,4,0,4,3
8769,1,2017,"Q012",8652,0,2,2,1,1,1
8788,1,2017,"Q091",8929,0,3,3,1,1,1
8806,1,2017,"Q068",9512,2,0,2,0,3,2
8806,1,2017,"Q162",9512,0,1,1,1,3,2
8806,2,2018,"R077",9782,3,0,3,0,3,1
8849,1,2017,"Q003",8752,1,0,1,0,9,7
8849,1,2017,"Q070",8752,2,1,3,1,9,7
8849,1,2017,"Q141",8752,4,0,4,0,9,7
8849,1,2017,"Q201",8752,2,0,2,0,9,7
8849,2,2018,"R028",8752,2,0,2,0,9,7
8849,2,2018,"R109",8752,3,2,5,1,9,7
8849,2,2018,"R165",8752,3,0,3,0,9,7
8849,3,2019,"T027",9416,1,2,3,1,9,2
8849,3,2019,"T095",9416,3,0,3,0,9,2
8851,2,2018,"R116",9116,1,1,2,1,1,1
8855,1,2017,"Q073",9222,2,0,2,0,3,3
8855,1,2017,"Q134",9222,2,0,2,0,3,3
8855,1,2017,"Q184",9222,1,0,1,0,3,3
8863,1,2017,"Q096",8512,3,0,3,0,1,1
8867,1,2017,"Q171",6270,3,0,3,0,1,1
8941,NA,2016,"P039",8567,2,0,2,0,6,2
8941,NA,2017,"Q214",8567,1,2,3,1,6,2
8941,NA,2018,"R052",9000,1,1,2,1,6,4
8941,NA,2018,"R115",9000,1,2,3,1,6,4
8941,NA,2019,"T025",9000,2,2,4,1,6,4
8941,NA,2019,"T075",9000,2,1,3,1,6,4
8943,1,2017,"Q041",5195,0,3,3,1,3,3
8943,1,2017,"Q129",5195,1,1,2,1,3,3
8943,1,2017,"Q177",5195,2,1,3,1,3,3
8956,1,2017,"Q053",8850,3,0,3,0,5,2
8956,1,2017,"Q142",8850,2,2,4,1,5,2
8956,2,2018,"R038",9564,3,0,3,0,5,3
8956,2,2018,"R092",9564,3,0,3,0,5,3
8956,2,2018,"R147",9564,4,0,4,0,5,3
8959,1,2017,"Q168",8912,3,1,4,1,1,1
8963,1,2017,"Q048",8878,2,2,4,1,2,2
8963,1,2017,"Q135",8878,1,2,3,1,2,2
8966,1,2017,"Q069",6927,1,3,4,1,3,3
8966,1,2017,"Q140",6927,1,2,3,1,3,3
8966,1,2017,"Q180",6927,4,0,4,0,3,3
8979,1,2017,"Q036",9002,2,0,2,0,5,2
8979,1,2017,"Q099",9002,3,0,3,0,5,2
8979,1,2017,"Q186",5466,1,0,1,0,5,1
8979,2,2018,"R019",8652,2,0,2,0,5,2
8979,2,2018,"R082",8652,3,0,3,0,5,2
8989,1,2017,"Q100",8830,3,0,3,0,4,4
8989,1,2017,"Q198",8830,2,0,2,0,4,4
8989,2,2018,"R087",8830,4,0,4,0,4,4
8989,2,2018,"R151",8830,1,0,1,0,4,4
8998,1,2017,"Q043",9000,3,0,3,0,1,1
9020,1,2017,"Q075",9273,3,1,4,1,1,1
9027,1,2017,"Q061",9516,1,3,4,1,2,1
9027,1,2017,"Q147",8865,2,0,2,0,2,1
9033,1,2017,"Q157",8811,2,0,2,0,1,1
9046,1,2017,"Q105",8498,3,0,3,0,6,2
9046,1,2017,"Q182",8498,3,0,3,0,6,2
9046,2,2018,"R031",7689,3,1,4,1,6,3
9046,2,2018,"R073",7689,2,0,2,0,6,3
9046,2,2018,"R128",7689,1,0,1,0,6,3
9046,3,2019,"T009",9144,3,0,3,0,6,1
9050,1,2017,"Q094",8934,3,1,4,1,4,1
9050,1,2017,"Q151",9233,4,0,4,0,4,3
9050,2,2018,"R054",9233,1,3,4,1,4,3
9050,2,2018,"R129",9233,2,2,4,1,4,3
9066,1,2017,"Q063",8391,5,0,5,0,10,2
9066,1,2017,"Q138",8391,4,0,4,0,10,2
9066,2,2018,"R010",9893,2,0,2,0,10,1
9066,2,2018,"R011",6808,2,0,2,0,10,1
9066,2,2018,"R046",9893,1,1,2,1,10,2
9066,2,2018,"R113",9893,3,1,4,1,10,2
9066,2,2018,"R171",5466,4,0,4,0,10,1
9066,3,2019,"T004",9893,1,3,4,1,10,3
9066,3,2019,"T013",9893,5,0,5,0,10,3
9066,3,2019,"T069",9893,5,0,5,0,10,3
9082,1,2017,"Q060",9223,3,0,3,0,4,3
9082,1,2017,"Q149",9223,0,2,2,1,4,3
9082,2,2018,"R076",9223,4,0,4,0,4,3
9082,2,2018,"R146",9626,2,1,3,1,4,1
9083,1,2017,"Q097",8729,4,0,4,0,2,2
9083,1,2017,"Q183",8729,3,0,3,0,2,2
9095,1,2017,"Q101",9089,3,1,4,1,1,1
9099,1,2017,"Q160",8652,1,0,1,0,5,3
9099,2,2018,"R080",8652,1,1,2,1,5,3
9099,2,2018,"R119",8652,1,2,3,1,5,3
9099,3,2019,"T048",8978,0,2,2,1,5,2
9099,3,2019,"T060",8978,1,2,3,1,5,2
9100,1,2017,"Q035",8365,3,0,3,0,7,3
9100,1,2017,"Q119",8365,2,0,2,0,7,3
9100,1,2017,"Q202",8365,1,0,1,0,7,3
9100,2,2018,"R078",6808,4,0,4,0,7,4
9100,2,2018,"R141",6808,4,0,4,0,7,4
9100,3,2019,"T017",6808,2,1,3,1,7,4
9100,3,2019,"T076",6808,3,0,3,0,7,4
9113,1,2017,"Q064",9133,2,0,2,0,3,3
9113,1,2017,"Q122",9133,3,0,3,0,3,3
9113,1,2017,"Q191",9133,0,3,3,1,3,3
9117,1,2017,"Q144",9076,3,0,3,0,1,1
9121,1,2017,"Q072",9143,3,0,3,0,9,7
9121,1,2017,"Q127",9143,2,0,2,0,9,7
9121,1,2017,"Q174",9143,1,2,3,1,9,7
9121,2,2018,"R017",9143,2,2,4,1,9,7
9121,2,2018,"R049",9143,1,0,1,0,9,7
9121,2,2018,"R114",9143,3,0,3,0,9,7
9121,2,2018,"R168",9143,5,0,5,0,9,7
9121,3,2019,"T018",9667,2,0,2,0,9,2
9121,3,2019,"T067",9667,2,0,2,0,9,2
9130,1,2017,"Q051",6808,1,0,1,0,3,3
9130,1,2017,"Q115",6808,2,0,2,0,3,3
9130,1,2017,"Q193",6808,1,1,2,1,3,3
9132,1,2017,"Q057",8949,3,0,3,0,3,3
9132,1,2017,"Q123",8949,5,0,5,0,3,3
9132,1,2017,"Q203",8949,2,1,3,1,3,3
9159,1,2017,"Q031",8795,5,0,5,0,7,1
9159,1,2017,"Q085",8652,4,0,4,0,7,1
9159,1,2017,"Q172",9240,2,1,3,1,7,1
9159,2,2018,"R006",8652,1,0,1,0,7,4
9159,2,2018,"R034",8652,4,1,5,1,7,4
9159,2,2018,"R101",8652,3,1,4,1,7,4
9159,2,2018,"R150",8652,3,0,3,0,7,4
9163,1,2017,"Q037",8965,3,0,3,0,3,3
9163,1,2017,"Q114",8965,4,0,4,0,3,3
9163,1,2017,"Q196",8965,0,3,3,1,3,3
9209,1,2017,"Q092",8977,3,0,3,0,1,1
9214,1,2017,"Q179",5466,3,0,3,0,6,3
9214,2,2018,"R009",5466,3,0,3,0,6,3
9214,2,2018,"R039",5466,3,0,3,0,6,3
9214,2,2018,"R120",8978,4,0,4,0,6,3
9214,3,2019,"T022",8978,5,0,5,0,6,3
9214,3,2019,"T094",8978,3,0,3,0,6,3
9239,1,2017,"Q158",9260,2,0,2,0,1,1
9249,1,2017,"Q055",9185,2,1,3,1,6,6
9249,1,2017,"Q156",9185,4,0,4,0,6,6
9249,2,2018,"R075",9185,2,3,5,1,6,6
9249,2,2018,"R142",9185,2,2,4,1,6,6
9249,3,2019,"T023",9185,4,0,4,0,6,6
9249,3,2019,"T100",9185,4,0,4,0,6,6
9252,NA,2017,"Q038",9251,2,0,2,0,3,2
9252,NA,2017,"Q086",9251,3,1,4,1,3,2
9252,NA,2017,"Q150",9273,4,0,4,0,3,1
9254,NA,2018,"R004",9240,2,0,2,0,3,3
9254,NA,2018,"R043",9240,0,3,3,1,3,3
9254,NA,2018,"R107",9240,1,1,2,1,3,3
9258,1,2017,"Q050",9002,3,0,3,0,3,2
9258,1,2017,"Q215",9002,0,1,1,1,3,2
9258,2,2018,"R023",9134,4,0,4,0,3,1
9268,1,2017,"Q045",8865,3,0,3,0,3,1
9268,1,2017,"Q132",4943,3,0,3,0,3,2
9268,2,2018,"R053",4943,4,0,4,0,3,2
9271,1,2017,"Q034",8978,3,1,4,1,2,2
9271,1,2017,"Q108",8978,3,1,4,1,2,2
9377,1,2018,"R003",5466,3,0,3,0,3,3
9377,1,2018,"R033",5466,2,1,3,1,3,3
9377,1,2018,"R103",5466,2,1,3,1,3,3
9471,1,2018,"R172",9667,2,0,2,0,2,2
9471,2,2019,"T064",9667,3,0,3,0,2,2
9474,1,2018,"R045",9592,0,3,3,1,2,2
9474,1,2018,"R118",9592,1,3,4,1,2,2
9549,1,2018,"R051",9133,3,0,3,0,2,2
9549,1,2018,"R122",9133,5,0,5,0,2,2
9550,1,2018,"R104",9260,0,1,1,1,1,1
9562,1,2018,"R079",8910,1,0,1,0,3,2
9562,1,2018,"R132",8910,1,0,1,0,3,2
9562,2,2019,"T040",9633,3,0,3,0,3,1
9570,1,2018,"R152",9222,2,0,2,0,1,1
9571,1,2018,"R048",8978,3,0,3,0,2,1
9571,1,2018,"R137",9089,0,1,1,1,2,1
9573,1,2017,"Q176",9071,4,0,4,0,1,1
9595,1,2018,"R061",9626,3,0,3,0,1,1
9604,1,2018,"R067",9176,0,3,3,1,1,1
9654,1,2017,"Q164",9007,2,1,3,1,1,1
9813,2,2019,"T002",9176,0,5,5,1,3,1
9813,2,2019,"T059",9134,3,0,3,0,3,2
9813,2,2019,"T101",9134,1,2,3,1,3,2
9817,1,2018,"R154",4943,4,0,4,0,1,1
9871,2,2019,"T010",9116,3,0,3,0,2,2
9871,2,2019,"T086",9116,4,0,4,0,2,2
9931,1,2018,"R094",8770,3,0,3,0,2,1
9931,2,2019,"T041",8649,2,0,2,0,2,1
9951,1,2018,"R086",8934,0,2,2,1,3,2
9951,1,2018,"R157",8934,0,4,4,1,3,2
9951,2,2019,"T038",10580,4,0,4,0,3,1
10154,1,2019,"T046",10535,3,0,3,0,2,2
10154,1,2019,"T092",10535,4,0,4,0,2,2
10339,1,2019,"T039",8567,2,1,3,1,1,1
10347,1,2019,"T078",10197,2,0,2,0,1,1
10350,1,2019,"T056",10022,4,0,4,0,2,2
10350,1,2019,"T091",10022,3,1,4,1,2,2
10351,1,2019,"T051",9116,2,0,2,0,1,1
10377,1,2019,"T061",10584,1,1,2,1,1,1
10578,1,2019,"T034",9459,1,3,4,1,2,2
10578,1,2019,"T102",9459,1,2,3,1,2,2
10581,1,2019,"T044",9093,4,0,4,0,2,2
10581,1,2019,"T096",9093,4,0,4,0,2,2
